-- MySQL dump 10.13  Distrib 8.0.19, for Linux (x86_64)
--
-- Host: localhost    Database: wildberries_project
-- ------------------------------------------------------
-- Server version	8.0.19

/*!40101 SET @OLD_CHARACTER_SET_CLIENT=@@CHARACTER_SET_CLIENT */;
/*!40101 SET @OLD_CHARACTER_SET_RESULTS=@@CHARACTER_SET_RESULTS */;
/*!40101 SET @OLD_COLLATION_CONNECTION=@@COLLATION_CONNECTION */;
/*!50503 SET NAMES utf8mb4 */;
/*!40103 SET @OLD_TIME_ZONE=@@TIME_ZONE */;
/*!40103 SET TIME_ZONE='+00:00' */;
/*!40014 SET @OLD_UNIQUE_CHECKS=@@UNIQUE_CHECKS, UNIQUE_CHECKS=0 */;
/*!40014 SET @OLD_FOREIGN_KEY_CHECKS=@@FOREIGN_KEY_CHECKS, FOREIGN_KEY_CHECKS=0 */;
/*!40101 SET @OLD_SQL_MODE=@@SQL_MODE, SQL_MODE='NO_AUTO_VALUE_ON_ZERO' */;
/*!40111 SET @OLD_SQL_NOTES=@@SQL_NOTES, SQL_NOTES=0 */;

--
-- Table structure for table `admins`
--

DROP TABLE IF EXISTS `admins`;
/*!40101 SET @saved_cs_client     = @@character_set_client */;
/*!50503 SET character_set_client = utf8mb4 */;
CREATE TABLE `admins` (
  `id` int unsigned NOT NULL AUTO_INCREMENT,
  `admin_login` varchar(16) CHARACTER SET utf8 COLLATE utf8_unicode_ci NOT NULL,
  `pass` varchar(40) CHARACTER SET utf8 COLLATE utf8_unicode_ci NOT NULL,
  PRIMARY KEY (`id`),
  UNIQUE KEY `admin_login` (`admin_login`)
) ENGINE=InnoDB AUTO_INCREMENT=11 DEFAULT CHARSET=utf8 COLLATE=utf8_unicode_ci;
/*!40101 SET character_set_client = @saved_cs_client */;

--
-- Dumping data for table `admins`
--

LOCK TABLES `admins` WRITE;
/*!40000 ALTER TABLE `admins` DISABLE KEYS */;
INSERT INTO `admins` VALUES (1,'est','567aaqw'),(2,'praesentium','1372iuy'),(3,'corporis','3680iuo'),(4,'laudantium','5673klo'),(5,'quae','83039493hgf'),(6,'reiciendis','24887rty'),(7,'dignissimos','78934qwe'),(8,'ipsum','41823tyu'),(9,'voluptatem','8038rew'),(10,'esse','7987645ra');
/*!40000 ALTER TABLE `admins` ENABLE KEYS */;
UNLOCK TABLES;

--
-- Table structure for table `catalogs`
--

DROP TABLE IF EXISTS `catalogs`;
/*!40101 SET @saved_cs_client     = @@character_set_client */;
/*!50503 SET character_set_client = utf8mb4 */;
CREATE TABLE `catalogs` (
  `id` int unsigned NOT NULL AUTO_INCREMENT,
  `name_catalog` varchar(255) CHARACTER SET utf8 COLLATE utf8_unicode_ci NOT NULL,
  `created_at` date NOT NULL,
  `updated_at` date NOT NULL,
  PRIMARY KEY (`id`)
) ENGINE=InnoDB AUTO_INCREMENT=9 DEFAULT CHARSET=utf8 COLLATE=utf8_unicode_ci;
/*!40101 SET character_set_client = @saved_cs_client */;

--
-- Dumping data for table `catalogs`
--

LOCK TABLES `catalogs` WRITE;
/*!40000 ALTER TABLE `catalogs` DISABLE KEYS */;
INSERT INTO `catalogs` VALUES (1,'Р–РµРЅС‰РёРЅР°Рј','2020-06-02','2020-06-02'),(2,'РњСѓР¶С‡РёРЅР°Рј','2020-06-02','2020-06-02'),(3,'Р”РµС‚СЏРј','2020-06-02','2020-06-02'),(4,'РљРЅРёРіРё','2020-06-02','2020-06-02'),(5,'Р—РѕРѕС‚РѕРІР°СЂС‹','2020-06-02','2020-06-02'),(6,'РџСЂРѕРґСѓРєС‚С‹','2020-06-02','2020-06-02'),(7,'Р—РґРѕСЂРѕРІСЊРµ','2020-06-02','2020-06-02'),(8,'Р”РѕРј','2020-06-02','2020-06-02');
/*!40000 ALTER TABLE `catalogs` ENABLE KEYS */;
UNLOCK TABLES;

--
-- Temporary view structure for view `catalogs_quantity`
--

DROP TABLE IF EXISTS `catalogs_quantity`;
/*!50001 DROP VIEW IF EXISTS `catalogs_quantity`*/;
SET @saved_cs_client     = @@character_set_client;
/*!50503 SET character_set_client = utf8mb4 */;
/*!50001 CREATE VIEW `catalogs_quantity` AS SELECT 
 1 AS `catalog_id`,
 1 AS `quantity`*/;
SET character_set_client = @saved_cs_client;

--
-- Table structure for table `categories`
--

DROP TABLE IF EXISTS `categories`;
/*!40101 SET @saved_cs_client     = @@character_set_client */;
/*!50503 SET character_set_client = utf8mb4 */;
CREATE TABLE `categories` (
  `id` int unsigned NOT NULL AUTO_INCREMENT,
  `catalog_id` int unsigned NOT NULL,
  `name_category` varchar(255) CHARACTER SET utf8 COLLATE utf8_unicode_ci NOT NULL,
  `created_at` date NOT NULL,
  `updated_at` date NOT NULL,
  PRIMARY KEY (`id`),
  KEY `categories_catalog_id_fk` (`catalog_id`),
  CONSTRAINT `categories_catalog_id_fk` FOREIGN KEY (`catalog_id`) REFERENCES `catalogs` (`id`) ON DELETE RESTRICT
) ENGINE=InnoDB AUTO_INCREMENT=25 DEFAULT CHARSET=utf8 COLLATE=utf8_unicode_ci;
/*!40101 SET character_set_client = @saved_cs_client */;

--
-- Dumping data for table `categories`
--

LOCK TABLES `categories` WRITE;
/*!40000 ALTER TABLE `categories` DISABLE KEYS */;
INSERT INTO `categories` VALUES (1,1,'РћРґРµР¶РґР°','2020-06-02','2020-06-02'),(2,1,'РћР±СѓРІСЊ','2020-06-02','2020-06-02'),(3,1,'РЎРІР°РґСЊР±Р°','2020-06-02','2020-06-02'),(4,2,'Р‘РѕР»СЊС€РёРµ СЂР°Р·РјРµСЂС‹','2020-06-02','2020-06-02'),(5,2,'РћС„РёСЃ','2020-06-02','2020-06-02'),(6,2,'РџР»СЏР¶РЅР°СЏ РѕРґРµР¶РґР°','2020-06-02','2020-06-02'),(7,3,'Р›СЋР±РёРјС‹Рµ РіРµСЂРѕРё','2020-06-02','2020-06-02'),(8,3,'Р”Р»СЏ РґРµРІРѕС‡РµРє','2020-06-02','2020-06-02'),(9,3,'Р”Р»СЏ РјР°Р»СЊС‡РёРєРѕРІ','2020-06-02','2020-06-02'),(10,4,'РЈС‡РµР±РЅР°СЏ Р»РёС‚РµСЂР°С‚СѓСЂР°','2020-06-02','2020-06-02'),(11,4,'РҐСѓРґРѕР¶РµСЃС‚РІРµРЅРЅР°СЏ Р»РёС‚РµСЂР°С‚СѓСЂР°','2020-06-02','2020-06-02'),(12,4,'РђСѓРґРёРѕРєРЅРёРіРё','2020-06-02','2020-06-02'),(13,5,'Р”Р»СЏ СЃРѕР±Р°Рє','2020-06-02','2020-06-02'),(14,5,'Р”Р»СЏ РєРѕС€РµРє','2020-06-02','2020-06-02'),(15,5,'Р’РµС‚Р°РїС‚РµРєР°','2020-06-02','2020-06-02'),(16,6,'Р’РєСѓСЃРЅС‹Рµ РїРѕРґР°СЂРєРё','2020-06-02','2020-06-02'),(17,6,'Р”РµС‚СЃРєРѕРµ РїРёС‚Р°РЅРёРµ','2020-06-02','2020-06-02'),(18,6,'Р—РґРѕСЂРѕРІРѕРµ РїРёС‚Р°РЅРёРµ','2020-06-02','2020-06-02'),(19,7,'РњРµРґРёС†РёРЅСЃРєРёРµ РёР·РґРµР»РёСЏ','2020-06-02','2020-06-02'),(20,7,'РћСЂС‚РѕРїРµРґРёСЏ','2020-06-02','2020-06-02'),(21,7,'Р”РµР·РёРЅС„РµРєС†РёСЏ Рё Р°РЅС‚РёСЃРµРїС‚РёРєР°','2020-06-02','2020-06-02'),(22,8,'Р’Р°РЅРЅР°СЏ','2020-06-02','2020-06-02'),(23,8,'РљСѓС…РЅСЏ','2020-06-02','2020-06-02'),(24,8,'Р’СЃРµ РґР»СЏ РїСЂР°Р·РґРЅРёРєР°','2020-06-02','2020-06-02');
/*!40000 ALTER TABLE `categories` ENABLE KEYS */;
UNLOCK TABLES;

--
-- Table structure for table `delivery`
--

DROP TABLE IF EXISTS `delivery`;
/*!40101 SET @saved_cs_client     = @@character_set_client */;
/*!50503 SET character_set_client = utf8mb4 */;
CREATE TABLE `delivery` (
  `id` int unsigned NOT NULL AUTO_INCREMENT,
  `address` varchar(255) CHARACTER SET utf8 COLLATE utf8_unicode_ci NOT NULL,
  `time_opening` time DEFAULT NULL,
  `time_closing` time DEFAULT NULL,
  `phone` varchar(100) CHARACTER SET utf8 COLLATE utf8_unicode_ci NOT NULL,
  PRIMARY KEY (`id`),
  UNIQUE KEY `phone` (`phone`)
) ENGINE=InnoDB AUTO_INCREMENT=51 DEFAULT CHARSET=utf8 COLLATE=utf8_unicode_ci;
/*!40101 SET character_set_client = @saved_cs_client */;

--
-- Dumping data for table `delivery`
--

LOCK TABLES `delivery` WRITE;
/*!40000 ALTER TABLE `delivery` DISABLE KEYS */;
INSERT INTO `delivery` VALUES (1,'39228 Ferry Common Apt. 809\nLake Humberto, NE 82232','10:00:00','21:00:00','8(800)1410810'),(2,'9940 Jaquelin Overpass Suite 435\nEast Daisha, OR 45531','10:00:00','24:00:00','8(800)1311037'),(3,'7663 Tom Springs Suite 633\nNorth Elissafurt, IN 04386','10:30:00','22:00:00','8(800)1322755'),(4,'0539 Gilberto Groves\nKuphalland, LA 58667','10:00:00','24:00:00','8(800)1680666'),(5,'786 Bode Loaf\nKeiratown, DE 05966','10:00:00','21:00:00','8(800)1435064'),(6,'77927 Medhurst Falls Apt. 010\nLangton, GA 35648','10:30:00','22:00:00','8(800)1133324'),(7,'891 Adan Terrace\nCalistabury, MN 50340-2822','10:30:00','21:00:00','8(800)1361427'),(8,'88574 Beatty Loaf\nSouth Candelario, UT 11313','10:00:00','24:00:00','8(800)1407164'),(9,'536 Hobart Courts\nEast Desmondbury, TX 02601','10:30:00','22:00:00','8(800)1951539'),(10,'676 Lehner Squares Apt. 224\nEast Feliciastad, CO 48067-6103','10:00:00','21:00:00','8(800)1536205'),(11,'8120 Rath Mill\nNorth Alphonso, MO 34512-5615','08:00:00','21:00:00','8(800)1826408'),(12,'232 Gutkowski Circle\nBrisachester, UT 55303-5123','10:30:00','22:00:00','8(800)1523427'),(13,'290 Romaguera Valleys Suite 693\nGutkowskiton, NH 63770-9991','08:00:00','24:00:00','8(800)1137910'),(14,'059 Hertha Meadow Suite 794\nKacieside, AK 76057-7200','10:30:00','24:00:00','8(800)1119271'),(15,'16389 Pattie Trafficway Suite 849\nGeorgemouth, AK 84597','10:00:00','21:00:00','8(800)1182623'),(16,'394 Luis Locks Suite 521\nEast Elnoraview, TN 02786-3626','08:00:00','24:00:00','8(800)1555305'),(17,'6608 Wilmer Cliffs\nEvangelineberg, NC 96536-8895','08:00:00','24:00:00','8(800)1228656'),(18,'6003 Stracke Points Suite 909\nPort Judefurt, MA 40613','10:30:00','22:00:00','8(800)1477367'),(19,'1738 Kariane Ville\nStephaniaborough, OR 45343-1932','10:00:00','24:00:00','8(800)1700866'),(20,'93728 Lubowitz Islands\nOliverborough, WV 41291-0451','10:00:00','21:00:00','8(800)1072230'),(21,'1803 Adolphus Shore Suite 317\nLake Wyman, VA 90045','10:30:00','22:00:00','8(800)1258551'),(22,'535 Quigley Mountain\nHandfurt, NC 39363-6396','08:00:00','24:00:00','8(800)1076066'),(23,'5526 Marquardt Mountain\nLibbieburgh, HI 72689','08:00:00','22:00:00','8(800)1604678'),(24,'874 Monte Run\nNew Dorthy, MS 79525-2027','10:30:00','22:00:00','8(800)1795191'),(25,'7337 Boyle Lock\nMoniquehaven, SC 27255','10:00:00','21:00:00','8(800)1161924'),(26,'586 Tyrel River Apt. 708\nLake Jewell, CT 12480','08:00:00','24:00:00','8(800)1424048'),(27,'906 West Village Suite 631\nGiovaniberg, OH 97787','10:30:00','22:00:00','8(800)1634469'),(28,'465 Phoebe Circles Apt. 880\nNorth Charleystad, MT 74611','10:30:00','24:00:00','8(800)1900202'),(29,'90642 Clementina Squares Apt. 129\nEmmiefurt, AZ 86929-0819','08:00:00','22:00:00','8(800)1597602'),(30,'7497 Stamm Squares Apt. 134\nNorth Jayceehaven, CT 13017','10:00:00','21:00:00','8(800)1287404'),(31,'642 Kassulke Place Suite 605\nEast Angelita, WA 73189-7509','08:00:00','22:00:00','8(800)1644215'),(32,'660 Julio Alley Suite 900\nLake Oliverview, OR 73621','08:00:00','24:00:00','8(800)1358862'),(33,'6963 Marvin Trace Apt. 381\nEast Zackeryside, NJ 81880','10:30:00','22:00:00','8(800)1861667'),(34,'154 Scotty Rapids\nChristiansenland, AZ 51508-1127','08:00:00','24:00:00','8(800)1231750'),(35,'99125 Wuckert Key\nFriesenland, ND 42344','10:30:00','21:00:00','8(800)1573750'),(36,'965 Juston Shoal Suite 712\nEast Brendantown, TN 08189-4895','10:30:00','22:00:00','8(800)1173500'),(37,'633 Gottlieb Square Apt. 402\nLake Jewell, LA 09593-0639','08:00:00','22:00:00','8(800)1146249'),(38,'64209 Fay Village\nAlexzanderton, LA 46756-3659','08:00:00','24:00:00','8(800)1210747'),(39,'25299 Hamill Freeway Suite 082\nNorth Leaville, KY 70969','10:30:00','22:00:00','8(800)1614989'),(40,'33136 Teresa Isle\nWilkinsonview, CA 26788','10:00:00','21:00:00','8(800)1442704'),(41,'4753 Cruickshank Parkway\nHoegermouth, IN 41197-6030','08:00:00','22:00:00','8(800)1368551'),(42,'60048 Lemke Brook Apt. 258\nNorth Josephbury, WA 62461','10:30:00','22:00:00','8(800)1514647'),(43,'748 Ritchie Flat Apt. 318\nMaudland, HI 90344-4729','08:00:00','24:00:00','8(800)1467582'),(44,'40847 Rohan Courts Suite 861\nPourosmouth, TX 29867-2793','08:00:00','24:00:00','8(800)1793968'),(45,'68654 Jeffrey Green Suite 957\nNorth Joesph, AL 53453','10:00:00','21:00:00','8(800)1567097'),(46,'7913 Demarco Fields Apt. 978\nAdelineville, MS 88257-8038','08:00:00','24:00:00','8(800)1453580'),(47,'8157 Ransom Mission Suite 052\nWest Ignacio, OR 10528-4568','11:00:00','24:00:00','8(800)1566608'),(48,'50566 Chasity Common Suite 420\nBauchburgh, NY 23423-3427','10:30:00','22:00:00','8(800)1472300'),(49,'47816 Mia Creek\nGunnerville, AZ 99583','10:30:00','22:00:00','8(800)1661679'),(50,'0391 Cullen Knoll\nLake Major, VA 62674','10:00:00','21:00:00','8(800)1891495');
/*!40000 ALTER TABLE `delivery` ENABLE KEYS */;
UNLOCK TABLES;

--
-- Table structure for table `discounts`
--

DROP TABLE IF EXISTS `discounts`;
/*!40101 SET @saved_cs_client     = @@character_set_client */;
/*!50503 SET character_set_client = utf8mb4 */;
CREATE TABLE `discounts` (
  `id` bigint unsigned NOT NULL AUTO_INCREMENT,
  `order_id` int unsigned DEFAULT NULL,
  `product_id` int unsigned DEFAULT NULL,
  `discount` float unsigned DEFAULT NULL,
  `started_at` datetime DEFAULT NULL,
  `finished_at` datetime DEFAULT NULL,
  `created_at` datetime DEFAULT CURRENT_TIMESTAMP,
  `update_at` datetime DEFAULT CURRENT_TIMESTAMP ON UPDATE CURRENT_TIMESTAMP,
  PRIMARY KEY (`id`),
  KEY `discounts_product_id_fk` (`product_id`),
  KEY `discounts_order_id_fk` (`order_id`),
  CONSTRAINT `discounts_order_id_fk` FOREIGN KEY (`order_id`) REFERENCES `orders` (`id`) ON DELETE SET NULL,
  CONSTRAINT `discounts_product_id_fk` FOREIGN KEY (`product_id`) REFERENCES `products` (`id`) ON DELETE SET NULL
) ENGINE=InnoDB AUTO_INCREMENT=51 DEFAULT CHARSET=utf8 COLLATE=utf8_unicode_ci;
/*!40101 SET character_set_client = @saved_cs_client */;

--
-- Dumping data for table `discounts`
--

LOCK TABLES `discounts` WRITE;
/*!40000 ALTER TABLE `discounts` DISABLE KEYS */;
INSERT INTO `discounts` VALUES (1,105,100,17,'2020-03-08 11:33:08','2020-05-06 17:00:02','2014-05-03 06:15:18','2020-06-03 13:39:57'),(2,11,110,36,'2019-07-05 02:54:46','2020-05-29 20:34:13','2011-12-20 20:30:09','2020-06-03 13:39:57'),(3,5,124,3,'2020-03-05 02:17:39','2020-05-22 20:41:08','2018-11-28 12:17:29','2020-06-03 13:39:57'),(4,102,46,38,'2020-05-07 23:44:57','2020-07-05 17:30:10','2011-09-16 19:17:46','2020-06-03 13:39:57'),(5,65,111,33,'2020-02-25 03:08:35','2020-05-11 16:57:15','2017-10-15 00:58:00','2020-06-03 13:39:57'),(6,121,121,49,'2019-09-20 08:32:08','2020-05-09 21:16:04','2011-01-21 13:28:05','2020-06-03 13:39:57'),(7,91,33,22,'2020-02-08 07:56:15','2020-05-04 06:06:53','2010-09-14 19:44:21','2020-06-03 13:39:57'),(8,102,91,78,'2020-01-20 03:44:33','2020-05-31 18:49:50','2016-07-14 17:39:31','2020-06-03 13:39:57'),(9,8,49,39,'2019-10-30 20:02:05','2020-05-08 00:24:02','2017-05-09 22:57:34','2020-06-03 13:39:57'),(10,68,120,51,'2019-11-04 00:01:37','2020-05-06 13:59:02','2018-12-04 18:07:56','2020-06-03 13:39:57'),(11,112,128,2,'2019-10-14 12:10:54','2020-05-03 14:10:09','2015-11-24 18:11:04','2020-06-03 13:39:57'),(12,83,105,68,'2019-09-02 12:30:38','2020-05-14 06:36:39','2020-05-25 01:34:46','2020-06-03 13:39:57'),(13,15,146,45,'2020-02-06 23:55:05','2020-05-13 14:19:19','2016-01-04 06:49:21','2020-06-03 13:39:57'),(14,131,104,66,'2019-07-01 15:08:56','2020-05-05 17:39:13','2011-11-03 00:49:41','2020-06-03 13:39:57'),(15,9,122,71,'2019-07-17 20:24:39','2020-05-09 01:14:18','2016-10-22 08:44:22','2020-06-03 13:39:57'),(16,147,35,18,'2020-04-28 14:20:19','2020-05-09 22:40:28','2012-09-29 10:49:09','2020-06-03 13:39:57'),(17,58,42,19,'2019-11-24 11:36:55','2020-05-31 13:58:01','2015-07-23 16:41:45','2020-06-03 13:39:57'),(18,50,145,67,'2020-02-16 23:00:50','2020-05-29 00:41:00','2016-05-12 18:30:03','2020-06-03 13:39:57'),(19,38,115,6,'2020-05-18 16:16:14','2020-05-24 23:57:58','2011-09-06 10:51:47','2020-06-03 13:39:57'),(20,12,23,43,'2019-07-28 12:57:36','2020-05-17 16:14:28','2013-03-28 01:06:13','2020-06-03 13:39:57'),(21,29,54,19,'2020-02-12 15:59:40','2020-05-02 15:26:42','2011-02-04 12:00:22','2020-06-03 13:39:57'),(22,8,88,61,'2019-07-31 03:53:51','2020-05-16 18:26:49','2016-10-28 09:46:24','2020-06-03 13:39:57'),(23,3,126,11,'2020-03-20 18:56:01','2020-05-21 00:42:51','2010-12-18 07:17:55','2020-06-03 13:39:57'),(24,21,47,10,'2020-05-29 14:33:53','2020-07-22 08:05:26','2012-08-03 23:12:12','2020-06-03 13:39:57'),(25,101,150,78,'2020-03-14 03:33:05','2020-05-28 18:15:31','2014-08-20 06:26:52','2020-06-03 13:39:57'),(26,128,54,19,'2020-01-17 23:09:20','2020-05-05 22:38:37','2012-10-23 22:48:42','2020-06-03 13:39:57'),(27,14,114,41,'2019-08-22 19:29:02','2020-05-20 13:39:50','2011-02-22 19:37:44','2020-06-03 13:39:57'),(28,40,122,21,'2019-12-31 22:47:17','2020-06-02 00:59:19','2019-06-11 21:03:48','2020-06-03 13:39:57'),(29,125,58,36,'2019-10-14 23:58:26','2020-05-17 16:25:55','2010-08-24 14:34:13','2020-06-03 13:39:57'),(30,6,133,23,'2019-07-10 12:01:34','2020-05-30 10:28:48','2017-08-15 11:26:53','2020-06-03 13:39:57'),(31,118,12,1,'2020-05-15 15:00:31','2020-05-21 09:17:41','2019-01-11 08:47:29','2020-06-03 13:39:57'),(32,125,20,12,'2020-01-23 11:56:44','2020-05-31 00:47:07','2010-07-04 03:01:25','2020-06-03 13:39:57'),(33,54,52,52,'2020-04-04 17:43:20','2020-05-28 15:50:25','2019-08-29 02:02:10','2020-06-03 13:39:57'),(34,31,10,58,'2020-04-02 21:02:24','2020-05-07 10:39:04','2015-04-17 03:25:26','2020-06-03 13:39:57'),(35,59,121,69,'2019-10-15 01:17:59','2020-05-05 15:55:40','2015-11-22 11:55:28','2020-06-03 13:39:57'),(36,130,113,14,'2020-01-23 06:06:18','2020-05-29 10:29:43','2012-06-02 06:03:16','2020-06-03 13:39:57'),(37,88,60,21,'2019-12-11 10:12:14','2020-05-02 16:41:46','2014-11-14 13:23:14','2020-06-03 13:39:57'),(38,14,101,7,'2020-01-05 08:57:44','2020-05-11 06:38:02','2011-10-26 11:01:03','2020-06-03 13:39:57'),(39,60,111,41,'2020-04-06 09:31:50','2020-05-19 17:25:30','2010-12-20 19:04:18','2020-06-03 13:39:57'),(40,50,17,45,'2019-08-20 12:40:31','2020-05-15 17:12:33','2011-03-03 15:55:42','2020-06-03 13:39:57'),(41,67,85,40,'2019-08-08 09:59:00','2020-05-05 10:59:11','2018-02-09 11:45:44','2020-06-03 13:39:57'),(42,118,64,62,'2020-04-16 23:55:08','2020-05-03 13:24:03','2019-12-06 15:12:42','2020-06-03 13:39:57'),(43,84,72,58,'2020-05-22 15:06:06','2020-07-04 10:27:30','2012-07-22 15:30:30','2020-06-03 13:39:57'),(44,24,94,52,'2020-02-10 07:03:42','2020-05-26 02:33:00','2015-10-29 17:07:03','2020-06-03 13:39:57'),(45,56,138,38,'2019-08-25 20:05:54','2020-05-28 00:58:39','2017-03-05 11:34:11','2020-06-03 13:39:57'),(46,91,91,17,'2019-10-23 13:40:13','2020-05-14 17:39:02','2012-10-23 05:05:38','2020-06-03 13:39:57'),(47,34,74,62,'2019-09-10 02:18:44','2020-05-03 00:37:51','2012-12-11 05:29:08','2020-06-03 13:39:57'),(48,60,102,15,'2020-05-20 10:32:28','2020-07-18 20:00:45','2018-08-19 21:02:26','2020-06-03 13:39:57'),(49,136,146,10,'2019-07-10 02:27:38','2020-05-16 02:32:25','2013-07-19 18:49:23','2020-06-03 13:39:57'),(50,108,33,76,'2020-03-06 20:19:40','2020-05-12 10:38:31','2014-08-13 18:02:42','2020-06-03 13:39:57');
/*!40000 ALTER TABLE `discounts` ENABLE KEYS */;
UNLOCK TABLES;

--
-- Table structure for table `favorites`
--

DROP TABLE IF EXISTS `favorites`;
/*!40101 SET @saved_cs_client     = @@character_set_client */;
/*!50503 SET character_set_client = utf8mb4 */;
CREATE TABLE `favorites` (
  `id` bigint unsigned NOT NULL AUTO_INCREMENT,
  `product_id` int unsigned DEFAULT NULL,
  `user_id` int unsigned DEFAULT NULL,
  `favor` tinyint(1) DEFAULT '0',
  `confirmed_at` datetime DEFAULT CURRENT_TIMESTAMP,
  `canceled_at` datetime DEFAULT CURRENT_TIMESTAMP,
  PRIMARY KEY (`id`),
  KEY `favorites_product_id_fk` (`product_id`),
  KEY `favorites_user_id_fk` (`user_id`),
  CONSTRAINT `favorites_product_id_fk` FOREIGN KEY (`product_id`) REFERENCES `products` (`id`) ON DELETE CASCADE,
  CONSTRAINT `favorites_user_id_fk` FOREIGN KEY (`user_id`) REFERENCES `users` (`id`) ON DELETE CASCADE
) ENGINE=InnoDB AUTO_INCREMENT=151 DEFAULT CHARSET=utf8 COLLATE=utf8_unicode_ci;
/*!40101 SET character_set_client = @saved_cs_client */;

--
-- Dumping data for table `favorites`
--

LOCK TABLES `favorites` WRITE;
/*!40000 ALTER TABLE `favorites` DISABLE KEYS */;
INSERT INTO `favorites` VALUES (1,104,71,1,'2018-03-19 17:57:56',NULL),(2,7,4,0,'2017-03-28 10:02:06','2019-08-30 08:55:09'),(3,94,23,1,'2019-11-25 10:17:28',NULL),(4,75,102,0,'2019-09-16 04:56:47','2019-11-03 16:47:20'),(5,125,70,1,'2017-09-01 00:09:42',NULL),(6,53,116,1,'2015-12-05 23:44:50',NULL),(7,22,66,1,'2013-02-22 05:38:10',NULL),(8,88,61,1,'2016-12-19 10:35:47',NULL),(9,117,106,0,'2010-11-14 06:58:16','2020-04-19 16:48:48'),(10,76,115,1,'2014-04-13 17:53:45',NULL),(11,87,33,1,'2016-04-13 13:09:18',NULL),(12,61,34,1,'2011-05-29 22:37:43',NULL),(13,82,53,1,'2013-02-25 04:38:05',NULL),(14,93,98,0,'2012-10-03 16:24:36','2019-07-17 12:58:41'),(15,122,20,1,'2011-05-14 06:45:59',NULL),(16,121,97,1,'2014-11-17 14:29:21',NULL),(17,145,12,1,'2013-09-18 10:41:32',NULL),(18,18,91,1,'2012-02-08 00:55:21',NULL),(19,84,118,0,'2012-02-27 19:29:48','2020-02-12 16:26:52'),(20,82,67,1,'2019-01-13 19:45:36',NULL),(21,52,60,1,'2014-01-02 20:29:34',NULL),(22,100,82,1,'2018-04-26 13:11:58',NULL),(23,74,105,0,'2019-12-21 19:39:35','2020-02-06 11:27:33'),(24,56,56,0,'2016-11-05 01:06:01','2020-02-15 05:23:33'),(25,87,111,1,'2010-12-10 03:14:57',NULL),(26,103,103,1,'2012-08-30 02:03:22',NULL),(27,109,54,1,'2015-03-05 05:25:18',NULL),(28,101,86,0,'2016-02-10 09:05:28','2019-11-06 09:49:27'),(29,29,96,0,'2014-06-28 03:45:47','2020-03-16 06:54:45'),(30,79,3,1,'2018-08-08 21:42:36',NULL),(31,43,86,0,'2017-12-07 15:26:24','2019-08-08 12:56:59'),(32,109,108,1,'2014-06-03 15:44:42',NULL),(33,28,71,0,'2019-06-30 02:10:48','2019-07-12 18:49:30'),(34,149,77,0,'2015-09-24 18:26:01','2019-12-08 14:18:46'),(35,23,64,0,'2019-11-12 14:12:22','2020-05-29 01:46:37'),(36,142,72,1,'2016-01-30 21:38:53',NULL),(37,77,40,1,'2011-10-13 22:21:01',NULL),(38,42,115,1,'2014-08-24 22:47:31',NULL),(39,89,13,0,'2013-02-22 01:13:33','2019-11-18 06:22:09'),(40,115,107,0,'2019-05-15 23:05:56','2019-06-30 17:09:40'),(41,28,105,1,'2013-01-09 18:31:39',NULL),(42,99,127,0,'2015-07-14 04:15:58','2019-08-28 10:21:12'),(43,122,114,1,'2018-08-08 09:00:24',NULL),(44,70,117,0,'2015-05-22 12:12:41','2019-07-26 08:43:54'),(45,79,148,1,'2013-03-19 23:41:55',NULL),(46,123,102,1,'2013-08-12 11:28:06',NULL),(47,123,9,0,'2013-04-28 21:23:25','2020-01-05 19:22:38'),(48,27,139,0,'2013-09-14 17:43:46','2019-06-28 08:06:00'),(49,3,17,0,'2019-06-10 13:56:21','2019-07-22 09:51:24'),(50,110,114,1,'2019-12-27 20:13:05',NULL),(51,107,58,0,'2010-06-27 06:11:28','2019-10-21 22:26:24'),(52,140,62,0,'2015-10-21 10:09:03','2019-07-01 20:35:23'),(53,47,64,0,'2012-08-19 10:54:03','2020-05-15 10:02:43'),(54,76,43,0,'2011-03-22 07:46:07','2019-07-18 10:20:55'),(55,115,99,1,'2017-04-06 23:37:37',NULL),(56,146,128,0,'2011-08-29 18:32:48','2019-08-21 21:48:33'),(57,77,43,1,'2017-11-30 05:58:28',NULL),(58,2,107,0,'2011-09-13 16:22:12','2020-01-11 06:23:34'),(59,82,138,1,'2010-06-12 17:42:32',NULL),(60,45,149,1,'2018-01-11 18:30:04',NULL),(61,110,79,1,'2016-04-21 02:08:41',NULL),(62,32,12,0,'2015-03-10 18:44:32','2019-07-06 03:47:46'),(63,57,121,0,'2015-10-22 10:16:12','2020-02-21 09:53:43'),(64,52,75,1,'2017-06-07 13:23:17',NULL),(65,9,33,1,'2019-09-16 18:21:40',NULL),(66,146,94,1,'2018-12-18 12:44:33',NULL),(67,136,145,1,'2011-05-01 01:35:11',NULL),(68,63,94,0,'2012-01-16 06:38:17','2020-03-22 14:32:15'),(69,125,33,1,'2020-01-05 04:59:05',NULL),(70,143,74,1,'2015-04-21 07:40:37',NULL),(71,99,46,1,'2018-10-31 08:19:53',NULL),(72,141,58,1,'2018-04-03 08:01:09',NULL),(73,135,82,0,'2010-12-04 16:19:53','2020-03-01 13:00:52'),(74,94,130,1,'2012-01-02 01:14:36',NULL),(75,119,81,0,'2014-12-14 22:48:21','2019-11-10 02:19:47'),(76,66,55,0,'2013-12-30 14:25:45','2020-05-26 23:49:36'),(77,27,15,1,'2014-06-25 10:13:33',NULL),(78,65,89,0,'2012-04-30 07:25:12','2019-11-13 22:09:21'),(79,91,57,1,'2010-06-18 03:37:58',NULL),(80,90,133,0,'2015-03-18 08:39:36','2020-05-25 04:18:10'),(81,130,50,0,'2013-08-04 20:05:35','2019-08-07 22:12:46'),(82,12,51,1,'2019-08-26 07:23:50',NULL),(83,111,60,0,'2014-10-01 10:28:20','2020-01-22 00:27:44'),(84,37,74,0,'2010-06-26 12:15:49','2020-04-09 11:09:52'),(85,10,115,1,'2014-02-08 22:22:01',NULL),(86,150,6,1,'2019-05-29 09:43:43',NULL),(87,54,131,0,'2015-10-29 02:42:16','2019-09-24 04:21:36'),(88,131,29,0,'2013-06-17 16:49:44','2019-06-17 13:52:57'),(89,41,117,0,'2013-01-29 15:32:48','2019-08-13 06:52:22'),(90,51,5,0,'2018-11-27 05:58:46','2019-12-22 20:20:48'),(91,144,90,1,'2014-10-27 05:55:57',NULL),(92,28,2,0,'2014-02-10 00:27:38','2019-07-07 20:13:51'),(93,132,133,1,'2013-06-08 17:05:18',NULL),(94,145,108,1,'2012-10-13 23:10:45',NULL),(95,72,102,0,'2014-07-25 08:08:38','2019-08-09 07:32:47'),(96,52,54,0,'2016-05-17 16:26:39','2020-01-18 08:22:57'),(97,37,99,1,'2016-02-20 19:46:08',NULL),(98,81,38,0,'2019-11-29 01:41:01','2020-02-23 08:43:11'),(99,148,138,0,'2011-09-28 14:52:43','2020-05-01 12:23:46'),(100,122,23,0,'2018-02-19 06:19:51','2019-09-07 16:59:55'),(101,85,90,0,'2017-09-29 22:41:53','2019-11-16 08:22:42'),(102,68,5,0,'2018-04-09 07:00:58','2019-09-25 17:02:42'),(103,63,23,0,'2016-08-09 20:58:53','2020-05-27 16:30:23'),(104,131,94,0,'2013-05-02 14:57:30','2020-04-15 21:59:20'),(105,124,74,1,'2020-04-30 03:26:14',NULL),(106,113,97,0,'2018-12-27 16:47:34','2020-02-25 23:35:50'),(107,122,122,0,'2017-08-03 22:38:21','2019-09-23 22:05:53'),(108,105,94,1,'2014-03-06 06:09:09',NULL),(109,138,91,0,'2010-08-20 05:57:54','2020-02-19 23:43:12'),(110,29,119,1,'2020-01-28 14:06:50',NULL),(111,55,89,1,'2019-09-27 11:37:21',NULL),(112,32,10,1,'2012-01-23 04:11:50',NULL),(113,101,129,0,'2015-07-07 00:31:17','2020-04-14 04:34:22'),(114,123,115,0,'2012-07-23 12:21:44','2020-05-07 18:26:14'),(115,68,117,0,'2017-06-08 16:13:08','2019-12-12 23:27:08'),(116,35,138,1,'2012-07-11 00:05:54',NULL),(117,41,59,1,'2020-02-14 23:34:53',NULL),(118,6,26,0,'2014-09-29 09:42:10','2020-02-04 14:30:14'),(119,51,104,1,'2012-10-15 10:28:11',NULL),(120,15,94,0,'2018-11-07 00:43:25','2019-11-02 02:25:44'),(121,111,91,1,'2010-10-27 19:22:08',NULL),(122,17,130,1,'2011-09-21 17:45:31',NULL),(123,71,145,1,'2010-10-20 09:34:30',NULL),(124,1,73,0,'2017-01-18 22:42:52','2019-06-23 20:22:50'),(125,115,83,0,'2010-07-03 12:23:04','2019-12-15 19:23:29'),(126,74,24,1,'2016-04-24 21:54:42',NULL),(127,61,147,0,'2012-03-25 07:57:56','2020-02-02 04:36:12'),(128,45,16,0,'2016-02-09 02:21:46','2020-02-24 07:31:04'),(129,144,26,0,'2020-01-02 02:00:15','2020-04-25 23:44:12'),(130,71,41,1,'2017-11-12 09:29:41',NULL),(131,60,85,1,'2013-09-14 13:51:12',NULL),(132,47,46,1,'2013-04-09 01:07:22',NULL),(133,45,97,1,'2015-02-04 17:59:28',NULL),(134,126,82,1,'2015-03-29 17:01:10',NULL),(135,38,83,1,'2017-06-10 16:17:32',NULL),(136,26,88,0,'2016-05-15 11:57:36','2019-06-04 00:48:25'),(137,7,17,1,'2019-02-02 16:41:19',NULL),(138,38,132,0,'2014-07-06 13:57:47','2020-01-24 15:32:12'),(139,55,94,1,'2010-11-05 20:49:25',NULL),(140,100,143,0,'2015-08-03 05:13:52','2020-05-09 02:57:21'),(141,51,70,0,'2017-02-05 20:03:25','2019-11-07 22:48:25'),(142,63,43,0,'2013-03-01 16:29:04','2019-07-22 20:41:24'),(143,141,36,1,'2014-10-07 05:42:57',NULL),(144,9,147,1,'2011-07-29 13:27:47',NULL),(145,104,57,0,'2018-08-24 06:00:31','2019-06-05 21:01:43'),(146,92,51,0,'2019-03-20 15:19:58','2019-07-13 00:21:10'),(147,53,6,0,'2018-11-17 16:01:45','2019-11-04 04:51:42'),(148,31,98,0,'2014-11-18 01:40:50','2019-07-24 11:24:08'),(149,114,12,1,'2013-07-01 08:34:23',NULL),(150,77,84,0,'2015-05-31 05:01:48','2020-03-24 02:04:36');
/*!40000 ALTER TABLE `favorites` ENABLE KEYS */;
UNLOCK TABLES;

--
-- Temporary view structure for view `history_orders`
--

DROP TABLE IF EXISTS `history_orders`;
/*!50001 DROP VIEW IF EXISTS `history_orders`*/;
SET @saved_cs_client     = @@character_set_client;
/*!50503 SET character_set_client = utf8mb4 */;
/*!50001 CREATE VIEW `history_orders` AS SELECT 
 1 AS `user_name`,
 1 AS `number_order`,
 1 AS `product_name`*/;
SET character_set_client = @saved_cs_client;

--
-- Table structure for table `manufacturer`
--

DROP TABLE IF EXISTS `manufacturer`;
/*!40101 SET @saved_cs_client     = @@character_set_client */;
/*!50503 SET character_set_client = utf8mb4 */;
CREATE TABLE `manufacturer` (
  `id` int unsigned NOT NULL AUTO_INCREMENT,
  `name` varchar(150) CHARACTER SET utf8 COLLATE utf8_unicode_ci NOT NULL,
  `description` text CHARACTER SET utf8 COLLATE utf8_unicode_ci,
  `logo_id` int unsigned DEFAULT NULL,
  PRIMARY KEY (`id`),
  KEY `manufacturer_logo_id_fk` (`logo_id`),
  CONSTRAINT `manufacturer_logo_id_fk` FOREIGN KEY (`logo_id`) REFERENCES `media` (`id`) ON DELETE SET NULL
) ENGINE=InnoDB AUTO_INCREMENT=81 DEFAULT CHARSET=utf8 COLLATE=utf8_unicode_ci;
/*!40101 SET character_set_client = @saved_cs_client */;

--
-- Dumping data for table `manufacturer`
--

LOCK TABLES `manufacturer` WRITE;
/*!40000 ALTER TABLE `manufacturer` DISABLE KEYS */;
INSERT INTO `manufacturer` VALUES (1,'et','Fugit vel porro dolores nobis adipisci dolorum sit. Nesciunt ex id praesentium quis veritatis et dolorum vitae. Veritatis minima nemo deserunt vero pariatur voluptatibus odio. Aut aspernatur qui dolor.',60),(2,'dolor','Ut est officia fugiat velit at maiores. Et magni voluptatibus voluptatem consequuntur dicta aut. Tenetur laudantium officiis sed labore. Et ut illo nihil nostrum.',3),(3,'aliquid','Enim id animi velit velit modi est. Sed perferendis quia sed officiis qui itaque.',72),(4,'consequatur','Harum dolor minus sed architecto molestiae ex amet. Dolorem vel sit in qui. Atque sed qui qui ullam illum.',33),(5,'itaque','Laudantium vel perspiciatis dolorem neque ut et. Quia voluptatibus non dolores porro aut quaerat. Ab non ut eaque sunt id.',30),(6,'eos','Accusamus tempore eum est voluptate eum sit. Rerum quis aut quaerat tenetur et. Eaque nisi et quia enim in quae dolor. Voluptatem illo facere amet et eos nam modi.',47),(7,'non','Non consequatur et iusto ullam aut est. Corporis facere voluptate reprehenderit animi. Atque ex dolor quo amet quisquam distinctio. Perferendis aut earum asperiores necessitatibus possimus molestiae sed nihil.',68),(8,'suscipit','Sequi reiciendis voluptatibus dignissimos iste ut tempora tempora eaque. Sed eum corrupti repellendus dicta. Dolorum voluptatibus assumenda molestias vel.',37),(9,'ab','Itaque sed recusandae est ea sit dolor consequatur. Dicta itaque velit magni dignissimos. Quia aliquam sunt aut sit.',59),(10,'molestiae','Sed dolores ut sequi quo ducimus sed saepe et. Quis saepe architecto laborum iste ipsa nihil atque. Dolores rem sit quaerat aut et quia. Nihil voluptates velit nulla ea fuga qui hic.',25),(11,'voluptatum','Qui sequi inventore quasi. Odio architecto adipisci sint a. Voluptatem nesciunt ipsum neque quia provident velit. Voluptas modi fuga qui. A provident dolorem qui quia ea omnis incidunt.',27),(12,'et','Ut dolorum nesciunt nesciunt non. Amet omnis asperiores dignissimos molestias. Qui ab omnis sequi hic tenetur. Illum accusantium voluptate rerum illum fugit.',61),(13,'ad','Hic a et quo nobis sunt. Quis dolorem ex doloribus et incidunt. Dolor maiores et eveniet sapiente. Culpa eos saepe facere aperiam.',61),(14,'voluptatibus','Qui reiciendis perferendis excepturi. Et et aut eligendi recusandae perspiciatis voluptatem suscipit.',43),(15,'reiciendis','Aut provident et aut totam quibusdam ullam. Non ut dolores ea possimus ut nisi. A est dolor sit inventore. Et impedit nihil sit sint cum eaque.',30),(16,'sed','Vel ut non voluptas est. Non ex est fugiat. Ad adipisci architecto delectus quo qui maiores maiores. Aliquam ipsa officiis eligendi quaerat aperiam totam iure vitae.',22),(17,'vitae','Perferendis repellendus ratione praesentium laborum iste. Ea similique consectetur amet ut praesentium deleniti aspernatur. Veniam non et nemo nemo et molestiae. Et sed rem rerum illo aspernatur voluptate totam.',20),(18,'mollitia','Expedita nulla alias consequatur consectetur quasi et. Repellat maiores et vel ducimus ut. Totam magni placeat fugiat adipisci. Omnis at animi est id occaecati reiciendis minima.',31),(19,'et','Reiciendis id ut dicta eveniet veniam expedita non. Repellendus veritatis et qui eos ipsam architecto ipsum. Aut cumque nulla ullam tempore harum.',15),(20,'ea','Sint omnis labore sit amet voluptatem nesciunt. Maxime voluptatem quibusdam voluptas eos dolor dolorem. Praesentium sit officia voluptatem recusandae pariatur. Repellat dolores amet rerum molestias consectetur alias pariatur autem.',62),(21,'et','Quo ratione aut praesentium consequatur voluptatem. Porro molestias non tenetur nulla quia laboriosam sed odit.',23),(22,'et','Aut sequi sit aut omnis aut quis. Veritatis quis aut harum earum in fugit et. Eum hic voluptates dolores doloremque nam consectetur. Voluptatibus sequi recusandae laborum qui in non aut.',9),(23,'hic','Voluptate vero sunt doloribus voluptates. Nulla necessitatibus dolores facilis omnis cumque. Aut mollitia consequatur voluptatem dolores omnis.',56),(24,'vitae','Nihil facilis commodi voluptates. Aut eaque et nihil dolores. Quia recusandae modi delectus est a commodi. In rerum in perferendis doloremque nam exercitationem culpa.',10),(25,'aut','Ad facere delectus animi officiis. Est unde sunt ipsum omnis eius possimus nisi. Fugit aut quod ad deserunt autem et aliquam.',45),(26,'itaque','Saepe non recusandae provident repellendus doloribus dolorem. Nobis sit molestiae repellendus eaque. Explicabo et iste esse explicabo sequi qui. Molestias quis similique quaerat sed dolor.',32),(27,'ullam','Ipsam asperiores aut in. Non odit velit eum pariatur ipsam. Aut quaerat porro quia recusandae et quia molestiae cupiditate. Doloremque in quae voluptatum.',25),(28,'impedit','Quisquam consectetur consequatur qui ea autem suscipit blanditiis ad. Quia non asperiores ullam occaecati. Quos perspiciatis voluptates accusamus sunt. Dolor quis optio est eum.',30),(29,'sed','Dolor id corporis dolores saepe neque ducimus et. Praesentium voluptates adipisci molestiae praesentium incidunt dolores id. Est reprehenderit eos repudiandae. Ex quasi a sapiente provident.',72),(30,'placeat','Temporibus est itaque suscipit esse sit quisquam. Quia eaque libero officiis ab delectus dolor.',31),(31,'dolorem','Et possimus hic consequatur id eum molestiae ut. Sunt rerum ut blanditiis aut suscipit quibusdam adipisci. Facilis non aliquam aperiam doloremque autem. Aspernatur quisquam et expedita numquam ea autem sunt.',20),(32,'sunt','Sed sint eaque nulla porro illo rerum neque non. Nemo vel iure dolores temporibus adipisci expedita eius.',6),(33,'deserunt','Harum sunt dolores est mollitia aut. Et cumque nostrum vel excepturi.',48),(34,'repudiandae','Aut non omnis ab voluptatem ex eos. Sint facere dolorem quod earum dicta repellat. Rerum qui aut voluptatem non sed illo ratione. Provident minus iste repellat dicta sunt quod. Eum maiores qui ipsam consectetur cupiditate.',64),(35,'doloremque','Voluptatibus unde quidem dicta voluptatibus. Odit quod vero similique rerum quae. Eaque illum debitis ratione nesciunt molestiae iste porro sunt. Asperiores sint qui inventore omnis.',13),(36,'ad','Placeat a qui molestias magni. Impedit magnam nostrum assumenda temporibus ipsum. Laborum labore dolores eligendi repudiandae quos.',34),(37,'et','Mollitia quae dolorum alias rerum ut consectetur quia. Enim culpa esse rerum et. Praesentium non dicta molestiae et explicabo commodi non et. Fugit ipsa omnis ducimus similique voluptatem et quia. Possimus aut saepe pariatur et velit atque qui.',51),(38,'exercitationem','Et ut molestias dolorum et. Aperiam deserunt odit nesciunt quia sint laborum. Sunt facilis sed molestiae ratione magnam ut blanditiis aspernatur. Nobis cum laborum nisi dolor necessitatibus.',71),(39,'necessitatibus','Quisquam aut repudiandae velit. Eius illum incidunt enim. Repellendus magnam sit sed aut ratione numquam.',44),(40,'ea','Magni omnis ea illo eveniet iure hic praesentium. Est sint eius animi et natus praesentium et autem. Earum in facere cumque distinctio assumenda facere. Consectetur quam dolor nam totam non.',5),(41,'iusto','Et ab est ad possimus ab ut. Expedita tenetur ipsum et eos eos omnis. Aut vel facilis aut et. Rerum esse ipsam quaerat optio molestiae corporis et.',51),(42,'sit','Mollitia voluptas in esse repellat. Sunt ipsa minima aut neque corporis quos. Qui facere ut sequi quidem facere ipsum eos.',80),(43,'occaecati','Molestiae dolorum ut nulla cupiditate laborum. Similique et sunt occaecati cumque. Ea voluptatum autem ut quia expedita accusamus. Dolorum laborum voluptatum dignissimos quia voluptate ut quidem inventore.',8),(44,'est','Quod ipsum magnam laborum consectetur possimus. Pariatur quia ut corporis dolore voluptatem rerum. Et doloremque et libero explicabo. Maiores quasi necessitatibus magnam ratione pariatur incidunt doloremque dignissimos.',39),(45,'qui','Earum aut veniam perferendis enim. Consectetur animi porro voluptatem deleniti omnis repellat. Sed quo non nobis ut nostrum odit totam.',9),(46,'est','Rerum iste quia atque repudiandae. Est sint fugit placeat voluptas repellendus quo. Quibusdam consequuntur libero repellendus pariatur voluptas quis.',7),(47,'quisquam','Omnis animi id minus non quisquam dolor. Et quo soluta neque sint sit. Soluta voluptatem esse eos velit dignissimos eum odit.',7),(48,'dolor','Dicta earum soluta perspiciatis quos quo autem. Voluptates sequi ut quaerat neque labore cupiditate et. Distinctio optio maiores vero ab.',14),(49,'quasi','Nam earum atque reiciendis qui dolorem quis. Illo ut sed ea assumenda sit fugiat nostrum. Iure aut voluptas minima. Eum nam accusamus consequuntur enim ducimus est sapiente sint.',48),(50,'quam','Ut qui aliquam voluptatem esse. Tempora ut qui eligendi quas nobis rerum eaque. Et dolorum id commodi voluptatem nisi id. Magnam eum consequuntur alias.',38),(51,'recusandae','Aut consectetur quia quod consequatur ut rem dolore asperiores. Qui molestiae placeat ut nihil accusamus qui natus. Tenetur sit et in quaerat exercitationem in voluptatum. Aut quisquam consequatur aut laborum harum.',47),(52,'quo','Molestias aut qui voluptatem quas reprehenderit. Pariatur blanditiis quia enim sit nobis qui illo. Optio inventore eius voluptatibus sapiente incidunt sint. In et ut debitis et.',41),(53,'distinctio','Porro facere quaerat sunt dolor in ab in. Necessitatibus labore earum molestiae quas. Et et molestiae ea rerum omnis et.',61),(54,'laborum','Quidem perspiciatis rerum consequatur amet blanditiis at vitae. Et voluptatem commodi non ea iste. Quam sed ut cupiditate ea non dolores. Iusto eius nemo voluptatem voluptates aut.',24),(55,'molestias','Aut maiores voluptatem aliquid quis ut aut nam. Tempora nostrum et doloremque neque alias. Debitis a aut cum et aspernatur sit iure nam.',16),(56,'velit','Eos maiores repudiandae magni fugit. Eius aliquam consequatur at ut. Ut excepturi cum enim ea sed.',8),(57,'corrupti','Animi repudiandae commodi hic aut sunt voluptate ex. Inventore mollitia molestiae velit voluptas. Et non voluptatem voluptates aspernatur ut fugiat laborum eveniet.',72),(58,'iste','Reiciendis totam sed sed. Exercitationem alias corrupti provident neque eum dignissimos. Et asperiores tempora non soluta et quia cupiditate.',13),(59,'quis','Tenetur provident quas dolores ullam pariatur. Sit officia et et iste ab odit molestias. Qui optio voluptas distinctio natus saepe.',9),(60,'alias','Ut reprehenderit sint consequatur ducimus ullam eveniet ad. Commodi quia eligendi maxime sit officia consequatur architecto voluptatibus. Quia et nemo praesentium ea pariatur qui. Et dolor cumque atque velit asperiores.',7),(61,'consequatur','Rerum optio voluptatem aut quasi non neque aut aut. Libero eaque voluptatum non veritatis provident consequatur magni. Voluptatem tenetur quasi aperiam recusandae provident repellat.',6),(62,'esse','Nesciunt quaerat inventore saepe et. Quis in sit molestiae optio vitae eveniet quia. Molestiae animi quisquam tenetur ipsum illo ut quisquam. Eius ut molestiae quaerat.',9),(63,'dicta','Velit distinctio explicabo exercitationem deleniti ratione. Iure et ad et sit veniam rerum placeat. Dolorum nulla blanditiis magni rerum. Porro aliquam veniam inventore adipisci reprehenderit vel.',28),(64,'qui','Et omnis saepe eius et ut voluptate nobis possimus. Ut tenetur temporibus voluptatem ut assumenda quod. Et vel eos tempora magnam nobis alias. Est laborum modi consequuntur.',33),(65,'et','Ipsam tempora ut sit nemo impedit. Maiores soluta cum cum sed asperiores. Voluptas est mollitia asperiores reprehenderit.',80),(66,'totam','Laboriosam commodi praesentium dolores omnis aliquid. Quod laboriosam quia ut alias dolores illum saepe. At id recusandae distinctio doloremque voluptatem. Est et minus officiis tempora maiores exercitationem autem.',58),(67,'atque','Sapiente harum dolorem sed sit enim repellat. Reiciendis repudiandae libero ab odit impedit velit. Fugit voluptas quod a qui. Fugiat voluptatem in asperiores omnis quae. Magni aliquid cupiditate doloribus iusto.',52),(68,'omnis','Quod voluptatem ut dolorum soluta dolore voluptatem. Ullam aut tenetur nisi quia ut saepe. Nostrum iusto doloribus occaecati ut delectus consequatur et et.',7),(69,'quasi','Rerum ea nemo in distinctio et. Inventore facilis sint iste id dolor consequatur. Id vel maxime ut. Ut magnam cupiditate porro soluta.',36),(70,'aliquam','Nostrum velit iste sint amet aspernatur earum iusto. Nihil blanditiis aut debitis ad. Possimus aliquam velit enim et similique quis voluptas eligendi. Numquam error eveniet et ut doloremque sit possimus et.',80),(71,'quia','Aspernatur beatae cupiditate accusantium vero. Cumque aspernatur a porro consequatur saepe perferendis voluptatem. Corporis ratione nam recusandae sit sit incidunt. Libero molestiae assumenda tempora at. Ea aut animi veniam exercitationem amet est rerum.',52),(72,'dolor','Cumque quidem sapiente eaque vel. Laboriosam fuga sunt aut repudiandae. Labore voluptatem quas ea enim aut autem et. Quos numquam quisquam nisi facere dicta.',17),(73,'et','Sint quam aspernatur aspernatur quasi autem. Delectus non et sit. Suscipit neque quo cumque cupiditate praesentium explicabo. Consequuntur ex dolor sed repudiandae rerum necessitatibus quia dolore.',11),(74,'similique','Incidunt qui culpa debitis sed id aut amet. Iusto eos soluta rerum et. Provident velit omnis laboriosam eum rerum.',2),(75,'sapiente','Inventore ex officia impedit consectetur. Eligendi quidem commodi sit. Et minus hic illum recusandae.',58),(76,'nulla','Dolorum porro saepe sit rerum odit quo natus et. Aut quis suscipit possimus vitae. Qui placeat assumenda et quia dolores nihil ea earum.',43),(77,'amet','Corrupti distinctio iusto quo accusamus atque ipsam. Enim quae autem occaecati sed. Voluptatem et amet esse iure veniam voluptatum molestias fuga.',39),(78,'ad','Qui repellat quia assumenda inventore dolor similique et. Deserunt dolorem earum et vel. Tempora voluptatibus labore est quaerat libero.',66),(79,'ipsum','Omnis minima nesciunt recusandae accusantium ut quo. Et corrupti ullam aliquam natus pariatur doloribus. Est magnam magni libero blanditiis. Minima sequi molestiae ex numquam cumque officiis quae. Aut nam quaerat voluptatibus esse laudantium dicta est.',54),(80,'voluptatum','Quia aut ea id et perferendis non praesentium aut. Molestiae quis est qui. Voluptatum adipisci sint aut quidem. Ipsa alias harum est. Illo qui iusto nihil sit repudiandae illum quasi.',69);
/*!40000 ALTER TABLE `manufacturer` ENABLE KEYS */;
UNLOCK TABLES;

--
-- Table structure for table `media`
--

DROP TABLE IF EXISTS `media`;
/*!40101 SET @saved_cs_client     = @@character_set_client */;
/*!50503 SET character_set_client = utf8mb4 */;
CREATE TABLE `media` (
  `id` int unsigned NOT NULL AUTO_INCREMENT,
  `media_type_id` int unsigned NOT NULL,
  `product_id` int unsigned NOT NULL,
  `filename` varchar(255) CHARACTER SET utf8 COLLATE utf8_unicode_ci NOT NULL,
  `size_f` int NOT NULL,
  `metadata` json DEFAULT NULL,
  `created_at` datetime DEFAULT CURRENT_TIMESTAMP,
  `updated_at` datetime DEFAULT CURRENT_TIMESTAMP,
  PRIMARY KEY (`id`),
  KEY `media_media_type_id_fk` (`media_type_id`),
  KEY `media_product_id_fk` (`product_id`),
  KEY `products_created_at_idx` (`created_at`),
  CONSTRAINT `media_media_type_id_fk` FOREIGN KEY (`media_type_id`) REFERENCES `media_types` (`id`) ON DELETE RESTRICT,
  CONSTRAINT `media_product_id_fk` FOREIGN KEY (`product_id`) REFERENCES `products` (`id`) ON DELETE CASCADE
) ENGINE=InnoDB AUTO_INCREMENT=101 DEFAULT CHARSET=utf8 COLLATE=utf8_unicode_ci;
/*!40101 SET character_set_client = @saved_cs_client */;

--
-- Dumping data for table `media`
--

LOCK TABLES `media` WRITE;
/*!40000 ALTER TABLE `media` DISABLE KEYS */;
INSERT INTO `media` VALUES (1,2,121,'https://dropbox.com/wildb/quod27386.mp4',785866,'{\"owner\": \"repellat\"}','2018-01-28 21:52:37','2019-07-12 19:49:16'),(2,3,9,'https://dropbox.com/wildb/cupiditate19175.png',958143,'{\"owner\": \"rerum\"}','2014-11-27 22:43:10','2019-06-20 02:20:10'),(3,1,132,'https://dropbox.com/wildb/officiis25467.mp4',423118,'{\"owner\": \"saepe\"}','2019-08-21 05:11:59','2020-03-19 17:19:54'),(4,3,21,'https://dropbox.com/wildb/dolore14017.mp4',231164,'{\"owner\": \"voluptas\"}','2019-01-15 06:58:48','2020-03-29 14:26:41'),(5,2,110,'https://dropbox.com/wildb/eligendi23523.mp4',876465,'{\"owner\": \"ipsam\"}','2016-12-22 04:29:09','2019-10-31 04:25:59'),(6,2,94,'https://dropbox.com/wildb/et27656.png',678832,'{\"owner\": \"molestias\"}','2016-04-12 16:35:55','2020-01-09 05:25:43'),(7,1,39,'https://dropbox.com/wildb/dolorum21749.png',754765,'{\"owner\": \"laboriosam\"}','2018-03-08 16:34:13','2020-02-06 02:26:09'),(8,1,46,'https://dropbox.com/wildb/voluptatem21461.avi',727331,'{\"owner\": \"laudantium\"}','2011-01-11 18:16:58','2019-08-30 02:46:11'),(9,3,70,'https://dropbox.com/wildb/quam10485.avi',362362,'{\"owner\": \"culpa\"}','2020-04-06 22:06:07','2019-07-12 00:29:12'),(10,3,16,'https://dropbox.com/wildb/consequatur27361.mp4',619815,'{\"owner\": \"quibusdam\"}','2019-07-23 15:16:06','2020-04-18 08:15:55'),(11,2,108,'https://dropbox.com/wildb/provident15165.avi',1001990,'{\"owner\": \"rerum\"}','2013-11-12 04:56:19','2019-09-25 01:20:01'),(12,2,109,'https://dropbox.com/wildb/voluptas25212.png',140508,'{\"owner\": \"nisi\"}','2010-07-19 09:02:04','2019-12-26 08:29:32'),(13,2,51,'https://dropbox.com/wildb/dolor17881.png',686568,'{\"owner\": \"impedit\"}','2017-10-04 17:52:29','2020-04-14 17:58:41'),(14,1,139,'https://dropbox.com/wildb/enim15224.avi',1001317,'{\"owner\": \"voluptatum\"}','2019-03-26 19:22:05','2019-08-20 09:21:57'),(15,1,72,'https://dropbox.com/wildb/assumenda16723.png',936881,'{\"owner\": \"accusantium\"}','2018-05-15 04:45:45','2019-11-23 08:01:44'),(16,1,109,'https://dropbox.com/wildb/magni14701.png',670457,'{\"owner\": \"nisi\"}','2014-12-14 15:50:49','2020-04-29 19:19:16'),(17,3,70,'https://dropbox.com/wildb/expedita16415.png',531641,'{\"owner\": \"culpa\"}','2016-06-28 07:49:49','2019-06-11 20:31:11'),(18,2,46,'https://dropbox.com/wildb/nulla28976.avi',636836,'{\"owner\": \"laudantium\"}','2010-10-19 17:09:02','2019-08-22 07:22:29'),(19,3,93,'https://dropbox.com/wildb/molestiae13483.jpeg',579255,'{\"owner\": \"eius\"}','2011-04-29 04:08:04','2019-07-29 16:13:11'),(20,2,140,'https://dropbox.com/wildb/vel14135.avi',975767,'{\"owner\": \"ut\"}','2010-09-09 10:46:56','2020-05-08 10:42:49'),(21,2,26,'https://dropbox.com/wildb/quod14647.png',131072,'{\"owner\": \"vel\"}','2014-06-05 09:23:27','2020-02-08 18:09:15'),(22,1,128,'https://dropbox.com/wildb/fuga23609.jpeg',718059,'{\"owner\": \"error\"}','2012-08-06 04:53:05','2020-04-02 10:31:23'),(23,1,95,'https://dropbox.com/wildb/velit13352.png',187081,'{\"owner\": \"velit\"}','2015-09-14 13:44:35','2020-05-13 00:47:11'),(24,1,55,'https://dropbox.com/wildb/aliquam20660.jpeg',771227,'{\"owner\": \"et\"}','2010-07-20 00:49:11','2019-09-27 13:47:33'),(25,2,26,'https://dropbox.com/wildb/et27795.png',284892,'{\"owner\": \"vel\"}','2012-04-22 12:25:43','2019-11-11 04:30:06'),(26,3,148,'https://dropbox.com/wildb/non13893.avi',100779,'{\"owner\": \"maiores\"}','2019-09-28 00:24:07','2020-05-24 03:33:57'),(27,1,22,'https://dropbox.com/wildb/consequuntur22785.mp4',639219,'{\"owner\": \"sint\"}','2018-06-30 10:49:04','2020-01-20 13:26:25'),(28,1,138,'https://dropbox.com/wildb/vel17154.avi',883761,'{\"owner\": \"aliquam\"}','2012-09-15 06:46:02','2020-02-06 19:42:24'),(29,2,11,'https://dropbox.com/wildb/ratione19135.mp4',491147,'{\"owner\": \"ut\"}','2014-08-31 08:57:29','2020-01-24 20:04:26'),(30,1,19,'https://dropbox.com/wildb/vel14287.mp4',794454,'{\"owner\": \"officiis\"}','2018-04-27 14:24:46','2019-10-20 23:34:16'),(31,3,97,'https://dropbox.com/wildb/sed10648.jpeg',488830,'{\"owner\": \"et\"}','2018-08-04 12:53:34','2020-03-25 11:50:52'),(32,3,30,'https://dropbox.com/wildb/quas19093.avi',50788,'{\"owner\": \"est\"}','2014-01-27 19:02:27','2019-12-03 16:12:21'),(33,2,139,'https://dropbox.com/wildb/non28384.jpeg',777452,'{\"owner\": \"voluptatum\"}','2011-01-22 10:16:09','2019-09-22 06:57:40'),(34,1,124,'https://dropbox.com/wildb/vel29424.avi',724894,'{\"owner\": \"totam\"}','2010-12-20 04:39:52','2019-12-31 00:31:52'),(35,3,46,'https://dropbox.com/wildb/aut14977.jpeg',282115,'{\"owner\": \"laudantium\"}','2019-04-20 04:24:00','2019-09-22 20:41:47'),(36,1,53,'https://dropbox.com/wildb/ut28219.avi',225893,'{\"owner\": \"voluptatibus\"}','2019-05-29 18:24:38','2019-11-18 00:35:13'),(37,3,130,'https://dropbox.com/wildb/consequatur28137.png',273121,'{\"owner\": \"quaerat\"}','2011-09-05 10:19:38','2019-09-25 19:56:21'),(38,2,46,'https://dropbox.com/wildb/quasi13805.mp4',677927,'{\"owner\": \"laudantium\"}','2015-09-12 07:03:27','2019-12-08 14:55:40'),(39,2,6,'https://dropbox.com/wildb/harum20873.mp4',560271,'{\"owner\": \"saepe\"}','2013-07-09 12:57:05','2020-02-22 06:59:03'),(40,3,133,'https://dropbox.com/wildb/et12113.mp4',757574,'{\"owner\": \"repellendus\"}','2012-05-02 13:36:59','2019-08-18 10:09:35'),(41,2,77,'https://dropbox.com/wildb/quod29460.mp4',97059,'{\"owner\": \"debitis\"}','2017-08-22 16:26:36','2019-10-01 15:22:28'),(42,1,115,'https://dropbox.com/wildb/aperiam14869.mp4',202574,'{\"owner\": \"quis\"}','2018-08-16 14:54:01','2019-12-12 02:57:52'),(43,1,141,'https://dropbox.com/wildb/labore25823.mp4',711693,'{\"owner\": \"a\"}','2013-09-29 02:54:03','2019-07-14 21:25:40'),(44,2,139,'https://dropbox.com/wildb/iste29331.avi',940743,'{\"owner\": \"voluptatum\"}','2016-08-12 21:18:15','2019-08-02 12:30:49'),(45,3,10,'https://dropbox.com/wildb/vitae17418.jpeg',558638,'{\"owner\": \"eum\"}','2017-10-08 13:49:00','2019-08-17 14:17:43'),(46,2,132,'https://dropbox.com/wildb/odio10320.mp4',960962,'{\"owner\": \"saepe\"}','2013-07-12 07:08:57','2019-09-04 10:22:11'),(47,1,18,'https://dropbox.com/wildb/minima20459.mp4',118896,'{\"owner\": \"quidem\"}','2011-08-09 03:36:54','2020-04-23 06:48:54'),(48,1,54,'https://dropbox.com/wildb/voluptate19205.jpeg',701592,'{\"owner\": \"eius\"}','2016-02-15 00:28:24','2019-07-28 09:54:22'),(49,2,106,'https://dropbox.com/wildb/voluptate25009.png',141275,'{\"owner\": \"nesciunt\"}','2019-07-29 00:14:13','2019-06-13 17:42:19'),(50,2,21,'https://dropbox.com/wildb/dolorem13557.avi',591599,'{\"owner\": \"voluptas\"}','2018-09-21 06:33:15','2019-10-09 08:42:42'),(51,2,50,'https://dropbox.com/wildb/cum26413.avi',524172,'{\"owner\": \"nam\"}','2016-10-26 22:20:43','2019-06-23 18:53:53'),(52,2,146,'https://dropbox.com/wildb/dolorem20636.png',836064,'{\"owner\": \"earum\"}','2011-01-05 04:27:30','2019-09-24 04:33:29'),(53,1,75,'https://dropbox.com/wildb/rem26636.mp4',597803,'{\"owner\": \"sit\"}','2013-03-27 12:17:37','2020-05-01 21:26:34'),(54,1,107,'https://dropbox.com/wildb/consequatur17341.jpeg',470824,'{\"owner\": \"tempore\"}','2013-02-20 14:37:06','2019-10-27 11:31:59'),(55,3,146,'https://dropbox.com/wildb/quia21315.mp4',550711,'{\"owner\": \"earum\"}','2016-03-23 16:38:52','2020-02-29 02:21:35'),(56,2,9,'https://dropbox.com/wildb/aut24546.avi',331085,'{\"owner\": \"rerum\"}','2019-04-07 13:25:03','2019-10-05 06:59:25'),(57,1,55,'https://dropbox.com/wildb/dolor23294.jpeg',993292,'{\"owner\": \"et\"}','2018-11-08 13:47:06','2019-11-10 09:10:37'),(58,2,52,'https://dropbox.com/wildb/eveniet14583.jpeg',963206,'{\"owner\": \"quae\"}','2010-09-12 12:10:00','2019-12-20 23:27:00'),(59,1,50,'https://dropbox.com/wildb/qui26417.jpeg',826152,'{\"owner\": \"nam\"}','2010-10-21 01:24:39','2019-12-25 02:36:05'),(60,3,18,'https://dropbox.com/wildb/doloribus15407.mp4',231144,'{\"owner\": \"quidem\"}','2017-09-07 18:17:31','2019-10-19 15:21:05'),(61,1,42,'https://dropbox.com/wildb/rem29208.mp4',667266,'{\"owner\": \"ut\"}','2014-03-26 10:01:04','2019-12-31 14:21:55'),(62,3,24,'https://dropbox.com/wildb/nulla15004.avi',632895,'{\"owner\": \"quia\"}','2017-05-30 14:37:58','2020-02-14 15:37:24'),(63,3,81,'https://dropbox.com/wildb/dolores25459.avi',152681,'{\"owner\": \"modi\"}','2019-02-19 09:27:37','2020-05-29 20:35:14'),(64,1,116,'https://dropbox.com/wildb/qui18710.avi',854720,'{\"owner\": \"omnis\"}','2017-06-25 19:43:21','2019-08-23 02:59:20'),(65,1,127,'https://dropbox.com/wildb/quis19286.png',805555,'{\"owner\": \"voluptate\"}','2019-09-28 03:42:21','2019-07-27 17:14:21'),(66,1,21,'https://dropbox.com/wildb/modi11687.png',453618,'{\"owner\": \"voluptas\"}','2012-10-20 16:17:15','2019-09-24 03:44:04'),(67,1,138,'https://dropbox.com/wildb/consequuntur22316.avi',841425,'{\"owner\": \"aliquam\"}','2013-09-27 22:11:06','2019-07-29 13:05:54'),(68,3,28,'https://dropbox.com/wildb/possimus23241.jpeg',836273,'{\"owner\": \"eveniet\"}','2015-09-06 07:42:41','2019-11-15 09:33:31'),(69,2,40,'https://dropbox.com/wildb/voluptatum12860.jpeg',647089,'{\"owner\": \"quod\"}','2018-03-10 03:26:01','2019-07-12 18:31:32'),(70,2,44,'https://dropbox.com/wildb/nesciunt28817.mp4',716627,'{\"owner\": \"eaque\"}','2019-06-19 12:20:13','2019-06-27 04:00:22'),(71,2,26,'https://dropbox.com/wildb/qui18184.png',631867,'{\"owner\": \"vel\"}','2015-04-24 11:56:38','2020-03-29 14:51:34'),(72,1,98,'https://dropbox.com/wildb/eos27436.png',999454,'{\"owner\": \"repudiandae\"}','2011-07-02 09:14:57','2019-09-18 02:04:26'),(73,1,114,'https://dropbox.com/wildb/dolor18401.jpeg',91672,'{\"owner\": \"sit\"}','2013-07-27 13:23:38','2019-12-11 21:33:52'),(74,2,92,'https://dropbox.com/wildb/atque19938.avi',449999,'{\"owner\": \"dolorum\"}','2015-06-27 00:57:13','2020-02-24 21:34:16'),(75,3,109,'https://dropbox.com/wildb/at29676.avi',964979,'{\"owner\": \"nisi\"}','2015-02-21 21:01:55','2020-01-21 14:09:15'),(76,3,40,'https://dropbox.com/wildb/provident13483.png',464899,'{\"owner\": \"quod\"}','2020-03-22 06:51:19','2020-04-23 10:21:42'),(77,2,69,'https://dropbox.com/wildb/quas14154.png',419557,'{\"owner\": \"ea\"}','2017-04-19 05:42:41','2020-01-17 05:21:27'),(78,2,50,'https://dropbox.com/wildb/voluptatum27311.png',693090,'{\"owner\": \"nam\"}','2015-12-22 13:13:51','2019-11-07 07:08:56'),(79,2,22,'https://dropbox.com/wildb/sed23888.jpeg',196778,'{\"owner\": \"sint\"}','2011-01-29 11:40:17','2019-07-28 22:01:03'),(80,3,119,'https://dropbox.com/wildb/ea14948.png',894622,'{\"owner\": \"est\"}','2015-01-31 00:37:41','2019-08-13 18:55:52'),(81,2,112,'https://dropbox.com/wildb/cupiditate29825.mp4',872777,'{\"owner\": \"voluptatem\"}','2019-12-16 00:38:16','2019-12-25 00:17:22'),(82,2,141,'https://dropbox.com/wildb/harum12967.mp4',670019,'{\"owner\": \"a\"}','2013-01-08 12:21:21','2020-01-10 00:56:49'),(83,2,28,'https://dropbox.com/wildb/esse12871.jpeg',721763,'{\"owner\": \"eveniet\"}','2018-08-03 10:54:05','2020-05-22 01:14:04'),(84,3,1,'https://dropbox.com/wildb/fugit21845.mp4',588760,'{\"owner\": \"porro\"}','2017-10-22 20:46:28','2019-11-26 11:32:02'),(85,3,62,'https://dropbox.com/wildb/dolore25404.avi',768510,'{\"owner\": \"fuga\"}','2017-09-23 16:49:04','2020-03-27 19:13:15'),(86,2,112,'https://dropbox.com/wildb/optio27618.jpeg',66270,'{\"owner\": \"voluptatem\"}','2015-11-05 08:56:32','2019-09-03 18:02:37'),(87,2,62,'https://dropbox.com/wildb/quo10398.avi',15822,'{\"owner\": \"fuga\"}','2010-11-22 16:52:46','2019-08-20 01:09:33'),(88,2,20,'https://dropbox.com/wildb/sunt11362.jpeg',870301,'{\"owner\": \"dolores\"}','2018-03-29 16:18:58','2019-11-21 14:32:09'),(89,1,122,'https://dropbox.com/wildb/eos27083.jpeg',294039,'{\"owner\": \"recusandae\"}','2014-02-23 23:06:15','2019-08-10 10:23:32'),(90,1,33,'https://dropbox.com/wildb/non19323.png',849291,'{\"owner\": \"impedit\"}','2019-12-30 17:57:10','2020-04-08 18:00:57'),(91,1,124,'https://dropbox.com/wildb/consectetur13003.png',354339,'{\"owner\": \"totam\"}','2010-12-06 23:57:55','2019-12-05 15:24:58'),(92,3,111,'https://dropbox.com/wildb/laudantium27886.mp4',213822,'{\"owner\": \"ad\"}','2012-07-13 08:00:09','2020-03-03 01:51:55'),(93,1,93,'https://dropbox.com/wildb/magnam27979.jpeg',996096,'{\"owner\": \"eius\"}','2013-05-01 04:03:26','2019-10-17 15:00:43'),(94,2,10,'https://dropbox.com/wildb/labore10496.avi',329012,'{\"owner\": \"eum\"}','2019-07-17 16:15:47','2019-09-30 00:44:16'),(95,2,103,'https://dropbox.com/wildb/dolorem24014.avi',646773,'{\"owner\": \"explicabo\"}','2016-09-14 17:07:22','2020-01-21 00:13:17'),(96,3,65,'https://dropbox.com/wildb/id11109.jpeg',236828,'{\"owner\": \"tenetur\"}','2017-11-24 17:19:51','2019-07-12 09:11:30'),(97,1,147,'https://dropbox.com/wildb/dolor26002.mp4',233822,'{\"owner\": \"porro\"}','2014-02-22 22:13:17','2020-01-15 08:03:36'),(98,3,103,'https://dropbox.com/wildb/ea24859.png',448627,'{\"owner\": \"explicabo\"}','2014-11-05 12:17:33','2019-08-29 07:34:09'),(99,1,39,'https://dropbox.com/wildb/enim27149.png',531670,'{\"owner\": \"laboriosam\"}','2011-11-11 22:34:43','2019-08-13 14:50:56'),(100,2,97,'https://dropbox.com/wildb/ad29518.mp4',302470,'{\"owner\": \"et\"}','2014-01-12 02:19:32','2019-06-14 11:21:18');
/*!40000 ALTER TABLE `media` ENABLE KEYS */;
UNLOCK TABLES;

--
-- Table structure for table `media_types`
--

DROP TABLE IF EXISTS `media_types`;
/*!40101 SET @saved_cs_client     = @@character_set_client */;
/*!50503 SET character_set_client = utf8mb4 */;
CREATE TABLE `media_types` (
  `id` int unsigned NOT NULL AUTO_INCREMENT,
  `name` varchar(255) CHARACTER SET utf8 COLLATE utf8_unicode_ci NOT NULL,
  PRIMARY KEY (`id`)
) ENGINE=InnoDB AUTO_INCREMENT=4 DEFAULT CHARSET=utf8 COLLATE=utf8_unicode_ci;
/*!40101 SET character_set_client = @saved_cs_client */;

--
-- Dumping data for table `media_types`
--

LOCK TABLES `media_types` WRITE;
/*!40000 ALTER TABLE `media_types` DISABLE KEYS */;
INSERT INTO `media_types` VALUES (1,'photo'),(2,'video'),(3,'logo');
/*!40000 ALTER TABLE `media_types` ENABLE KEYS */;
UNLOCK TABLES;

--
-- Table structure for table `messages`
--

DROP TABLE IF EXISTS `messages`;
/*!40101 SET @saved_cs_client     = @@character_set_client */;
/*!50503 SET character_set_client = utf8mb4 */;
CREATE TABLE `messages` (
  `id` int unsigned NOT NULL AUTO_INCREMENT,
  `from_user_id` int unsigned NOT NULL,
  `to_admin_id` int unsigned NOT NULL,
  `body` text CHARACTER SET utf8 COLLATE utf8_unicode_ci NOT NULL,
  `is_decided` tinyint(1) DEFAULT NULL,
  `is_delivered` tinyint(1) DEFAULT NULL,
  `created_at` datetime DEFAULT CURRENT_TIMESTAMP,
  PRIMARY KEY (`id`),
  KEY `messages_from_user_id_fk` (`from_user_id`),
  KEY `messages_to_admin_id_fk` (`to_admin_id`),
  CONSTRAINT `messages_from_user_id_fk` FOREIGN KEY (`from_user_id`) REFERENCES `users` (`id`) ON DELETE RESTRICT,
  CONSTRAINT `messages_to_admin_id_fk` FOREIGN KEY (`to_admin_id`) REFERENCES `admins` (`id`) ON DELETE RESTRICT
) ENGINE=InnoDB AUTO_INCREMENT=151 DEFAULT CHARSET=utf8 COLLATE=utf8_unicode_ci;
/*!40101 SET character_set_client = @saved_cs_client */;

--
-- Dumping data for table `messages`
--

LOCK TABLES `messages` WRITE;
/*!40000 ALTER TABLE `messages` DISABLE KEYS */;
INSERT INTO `messages` VALUES (1,101,5,'Nostrum laudantium eum deserunt voluptate consequatur rerum. Corrupti eveniet non quasi impedit. Impedit sint vel eum est.',0,0,'2020-04-01 01:51:52'),(2,41,10,'Eum quis aliquam qui sint vel porro et. Et voluptas omnis voluptas ad. Mollitia optio odit enim suscipit est quisquam tempora voluptates. Et accusamus fugit ut libero autem. Dolorem ea ea laboriosam nulla laboriosam dolorem sapiente.',0,1,'2018-03-26 06:20:08'),(3,20,7,'Est qui quibusdam qui. Ea consequatur alias quo sit architecto magni sunt. Velit cupiditate vel non ut velit unde et. Veniam laboriosam cumque ad nostrum.',0,0,'2020-02-12 10:37:36'),(4,150,10,'Est et amet similique ullam id delectus earum. Ut non libero quas et accusantium illo consequatur qui. Inventore consequatur fugiat labore sed et. Quam aut blanditiis qui vel. Exercitationem totam mollitia sed laborum.',1,1,'2019-03-08 01:48:51'),(5,117,1,'Nihil tenetur similique omnis aperiam amet occaecati. Itaque sit rerum assumenda est. Delectus eveniet quidem illum facilis. Et sed ea excepturi voluptas.',0,0,'2012-12-26 00:31:32'),(6,118,9,'Voluptates odit autem eaque delectus. Sunt voluptas omnis non accusantium fugit soluta. Eum velit ducimus rem. Veniam unde commodi est molestias incidunt accusamus a.',1,1,'2014-01-15 16:28:57'),(7,140,1,'Mollitia qui deserunt sed voluptate. Esse nobis tempore nobis mollitia et assumenda. Illo reprehenderit nesciunt a odit a animi consectetur est.',1,1,'2014-11-07 15:20:05'),(8,91,8,'Dolorem saepe quis quos aperiam. Maxime quibusdam tempore sint reprehenderit magni natus molestias molestiae. Et omnis qui vel quisquam. Iste earum recusandae dignissimos.',1,1,'2014-10-10 12:47:20'),(9,20,3,'Minima quia soluta placeat ipsam assumenda laudantium voluptatem. Ab optio omnis exercitationem quos perspiciatis reprehenderit eum.',1,1,'2018-04-30 18:52:35'),(10,4,3,'Magnam illum expedita labore accusantium labore corrupti. Repellendus qui odit enim accusamus beatae nihil. Ea consequatur voluptas incidunt aut dolorem.',1,1,'2015-08-15 17:15:10'),(11,34,4,'Totam repellendus perspiciatis voluptatem consequuntur deleniti facere. Labore qui hic amet dolorum recusandae autem. Minus enim architecto est.',1,1,'2019-10-05 13:02:11'),(12,3,1,'Velit ea corporis facilis quo. Quis sequi dicta impedit similique est praesentium. Velit doloremque iure optio incidunt fuga nobis ut est.',1,1,'2012-02-27 19:06:05'),(13,44,3,'Voluptatem nihil sit est vel at distinctio. Repudiandae qui laborum eveniet omnis nemo sequi. Vel incidunt eligendi labore eligendi.',0,0,'2016-02-04 15:09:40'),(14,60,3,'Qui in ratione ea. Nihil laborum quidem vero praesentium fugiat impedit maiores. Sunt quam aut et quo blanditiis et saepe. Perspiciatis quo mollitia temporibus officiis.',0,1,'2012-04-11 07:27:07'),(15,135,9,'Voluptatibus quaerat dolorum praesentium et. Libero voluptates quo debitis voluptates sit quo non veritatis. Voluptas corporis suscipit tenetur eveniet. Accusamus id exercitationem vel ullam quidem.',1,1,'2017-08-19 01:39:56'),(16,65,7,'Neque omnis facere sit in. Qui quisquam nostrum eaque modi voluptates distinctio. Minima est eum possimus asperiores quasi ullam.',1,1,'2013-06-30 05:00:52'),(17,28,9,'Sunt nulla aut reprehenderit provident qui. Et aliquam corrupti eius consequatur. Aut sunt error et consequatur voluptas ratione cumque ullam.',1,1,'2013-03-14 15:41:26'),(18,84,4,'Occaecati laborum sed aut illo et. Autem beatae soluta minima sed consequuntur eaque velit omnis. Quo sunt eum reiciendis deserunt quaerat nemo similique.',1,1,'2017-09-23 10:30:50'),(19,137,7,'Repellat reprehenderit et consectetur voluptatibus. Doloremque odit tempora quos ullam voluptatem voluptatum. Illum quasi ipsa porro provident vitae porro.',0,0,'2014-05-25 07:45:48'),(20,51,9,'Et et et quo non repellat. Ut ipsam provident rem doloribus ullam consectetur.',0,1,'2013-05-25 15:48:13'),(21,19,2,'Et qui sit molestias. Porro cum tenetur nihil corporis deleniti expedita. Qui omnis non dolorem modi cumque et.',1,1,'2015-08-14 07:00:22'),(22,59,5,'Libero accusamus eum dolores perspiciatis dolores repellendus minima. Ratione enim ab et et. Rerum qui voluptate tempore ipsam fugit nulla. Velit in consequuntur nam sunt consectetur molestias.',1,1,'2012-12-29 18:13:39'),(23,42,10,'Doloremque et sed est nisi rerum reiciendis. Ducimus dolorem repellat nesciunt cumque. Itaque ut qui aut aut quis. Ut error odio tempore aut.',1,1,'2015-04-06 21:24:05'),(24,109,9,'Qui qui numquam ut illo sed. Et quia maiores ut repellat fuga voluptas velit incidunt. Explicabo saepe sint nam non laboriosam doloribus fuga.',1,1,'2011-02-23 20:55:25'),(25,45,9,'Qui impedit iure aperiam aut aliquam deserunt eius veniam. Voluptas voluptatibus est in aspernatur. Atque accusantium suscipit dolor et aut consequatur quisquam.',0,1,'2014-01-08 08:17:01'),(26,22,3,'Beatae aut dolore voluptatem sequi. Eum natus officiis cupiditate voluptatem neque. Veniam voluptatem similique quod esse. Temporibus repudiandae facere eaque harum.',0,1,'2015-03-22 13:00:45'),(27,147,1,'Ut quo odit nesciunt reiciendis. Nesciunt aut eos odit aperiam. Vitae nemo laborum quo et.',0,0,'2019-05-18 02:23:48'),(28,49,5,'Non aliquam corrupti officia id exercitationem repellendus. Ullam velit nihil fugit qui est maxime. Rerum deserunt id aperiam eos dolorem totam dolores.',1,1,'2018-06-21 01:41:22'),(29,60,6,'Dolore assumenda voluptatibus dolor quibusdam magni. Hic dolor dolorem fuga neque. Ipsum voluptas facere suscipit unde accusamus illum voluptas.',1,1,'2020-02-12 22:24:33'),(30,93,5,'Tempora explicabo omnis voluptates. Facere rem est velit aut sint eaque. Ut nihil incidunt tempore in facilis magni. Est voluptatem quis expedita perspiciatis veniam rerum amet. Praesentium recusandae possimus et atque eveniet at exercitationem.',1,1,'2016-08-11 17:14:35'),(31,25,7,'Cum fugiat aut et expedita. Quo dolorum et ex impedit repudiandae ut. Impedit et laudantium quia. Cum nihil explicabo provident et fugit eveniet.',1,1,'2019-01-14 17:28:23'),(32,79,9,'Perferendis quos ut molestiae ea in fugiat cum. Et asperiores rerum numquam nihil deserunt. Libero sint praesentium maiores fugit. Rem mollitia laborum saepe est.',1,1,'2010-09-16 21:21:36'),(33,78,2,'Aliquam et et sit mollitia molestiae modi. Eius et ut autem error ut fugit iusto. Nihil beatae non quisquam totam. Qui est accusantium voluptas veniam.',0,0,'2019-09-21 18:12:09'),(34,10,10,'Quod minima ratione itaque perferendis facere sed. Voluptatum ea nostrum quae vel dolorem. Et cumque eaque et. Qui quos quia commodi harum dolor corrupti eligendi.',1,1,'2014-09-29 04:59:57'),(35,90,2,'Modi vel possimus porro rem. Dicta saepe quia in. Modi voluptate laudantium alias magni eos optio sint itaque.',1,1,'2018-02-13 01:23:24'),(36,114,5,'Amet eos tenetur aperiam autem magni quia ipsam. Officia quia ut error voluptas at. Tempore iure architecto minima est quam sed provident. Inventore numquam pariatur quod molestias reiciendis. Atque voluptatum molestiae sapiente quo voluptates sequi nihil.',1,1,'2017-09-04 23:52:00'),(37,144,5,'Consequatur unde maiores quos repellat fugiat magni sunt. Assumenda et qui similique molestias fugiat. Quis quia vero labore.',0,0,'2017-04-14 21:30:33'),(38,51,4,'Ut laudantium laudantium odio in. Est itaque aliquam laboriosam voluptatem. Et quam rerum et ratione nostrum. Ex aliquid aut consequatur omnis quam animi similique unde. Sint dolorum laudantium quis autem commodi ut quia.',0,1,'2019-01-24 11:52:07'),(39,126,1,'Provident consequatur voluptatum nisi aut et illum est quis. Sunt distinctio aliquid perferendis animi. Iure nobis itaque est optio perferendis aut corrupti.',1,1,'2014-06-13 10:21:10'),(40,122,9,'Nam quae enim odit soluta dolor magni molestias. Tenetur adipisci dolore necessitatibus distinctio eligendi consequuntur. Praesentium et qui dolores voluptas sapiente.',1,1,'2014-12-31 18:17:57'),(41,133,9,'Officiis ut repudiandae velit et laboriosam vitae nihil. Est dignissimos optio ut veniam ipsum in voluptatem. Repellat dolorum iusto voluptas praesentium reiciendis et et. Dolores et ut consequatur dicta corporis. Ut magni porro nisi eos voluptates.',1,1,'2017-05-13 02:46:01'),(42,72,10,'Et et est ut veniam voluptate incidunt. Cupiditate consectetur at est adipisci. Aliquid voluptatem accusantium quae dolor debitis voluptatum vel. Eum tempore at non odio.',1,1,'2011-06-29 14:35:27'),(43,13,8,'Dolorem non architecto quo qui esse numquam aspernatur. Reprehenderit aspernatur et aut omnis animi. Eligendi voluptate inventore labore sequi quos.',1,1,'2011-12-20 13:47:48'),(44,53,6,'Quasi corrupti sunt reiciendis dicta. Aspernatur qui sequi nihil. Ducimus laboriosam quisquam voluptatem recusandae adipisci itaque. Animi animi tempore nobis ut quos laboriosam.',0,1,'2018-05-29 22:59:20'),(45,132,7,'Magni voluptas ab consequatur. Odio odio repudiandae est minus. Et suscipit praesentium laboriosam voluptatem libero dolore sapiente. Nostrum nulla perspiciatis eos eveniet nihil.',0,0,'2010-10-14 19:06:50'),(46,78,8,'Iure et est repudiandae ut fuga dicta. Tempore asperiores ut aliquam est qui ut dolores. Soluta natus voluptas vel enim.',1,1,'2011-12-23 16:23:10'),(47,146,8,'Sunt aut deserunt enim modi minima nam commodi. Vel et natus repellat reiciendis aliquam. Similique natus quae sequi a quo voluptate.',1,1,'2020-02-06 12:26:19'),(48,112,6,'Ea voluptatem cum et dicta. Odio voluptatibus vero ducimus at enim. Et sunt consequatur consequuntur aut aut nulla non.',1,1,'2019-10-08 09:30:36'),(49,60,5,'Dolore voluptas nam provident. Aperiam earum ratione inventore ut et sit fuga. Qui et dolorum tenetur tempore.',0,0,'2014-07-13 05:10:12'),(50,130,1,'Possimus hic harum maiores consequatur sint quo sed. Labore possimus dignissimos nam harum sint repellendus. Velit accusantium cupiditate omnis et in et. Dolores et qui qui cupiditate quia. Qui dolorum aut officia.',0,1,'2015-02-13 20:48:59'),(51,133,2,'Quis et adipisci inventore sequi consequatur maiores beatae. Rerum quia est sed molestiae rem qui autem. Quia id quis suscipit doloremque numquam officiis.',1,1,'2014-02-21 05:44:38'),(52,1,7,'Cupiditate aliquid aut officiis voluptatibus. Est quibusdam distinctio exercitationem est porro. Nam voluptas quos magni quia numquam.',0,1,'2016-09-28 06:08:48'),(53,12,6,'Laborum quaerat non officiis saepe. Est ut molestiae tempora blanditiis ullam consequatur. Et tenetur officia nisi.',1,1,'2013-08-12 11:52:57'),(54,68,7,'Iure quia non tempore tempora et iusto quia. Est aperiam tempore culpa voluptatum mollitia placeat sunt. Qui aut aliquid tempore distinctio voluptatem dolorum. Nesciunt aliquid sed magnam ipsa nam voluptas voluptatem.',1,1,'2016-02-25 14:24:00'),(55,121,2,'Et nemo enim ex quidem ea saepe. Amet sed aperiam aut qui aliquam. Aliquid tempora a aut non. Doloribus voluptatum eius fuga incidunt delectus.',1,1,'2018-05-07 08:20:43'),(56,43,1,'Neque dolor maiores sapiente adipisci ad. Rerum non deserunt voluptas assumenda labore adipisci molestiae. Dolor eveniet doloremque atque recusandae aut est consequatur.',1,1,'2012-10-22 00:21:23'),(57,23,8,'Aliquid dolore iste quia dolorem officiis iste quaerat sunt. Blanditiis consequuntur voluptatem quia libero ut ea. Enim dolorem suscipit quibusdam et.',1,1,'2017-03-04 03:50:15'),(58,52,5,'Et esse et asperiores aut laboriosam quos eum. Commodi minus qui assumenda provident numquam. Facilis non vero illo. Veniam illum nesciunt cum.',0,1,'2011-01-16 16:01:14'),(59,27,6,'Aut commodi nulla est consequatur. Voluptatibus rem voluptates ex dignissimos impedit nihil. Debitis et perferendis deleniti est.',0,0,'2012-10-21 20:12:00'),(60,47,9,'Sunt tempore omnis deserunt qui sit consequuntur laudantium. Ab id unde consequatur sunt facere voluptatibus temporibus. Delectus temporibus quis occaecati.',1,1,'2012-07-19 20:58:03'),(61,49,1,'Facere animi id maiores illum qui consequatur consectetur. Rerum quasi delectus omnis omnis consequatur est. Ut atque et consectetur dolore dolores culpa saepe. Tenetur sunt veritatis enim ut.',0,0,'2017-05-07 02:11:42'),(62,48,5,'Distinctio omnis laborum non alias est velit possimus. Qui quisquam illo veritatis dolorem sunt neque omnis. Architecto enim delectus et debitis accusantium omnis magnam. Veritatis accusantium at non aut.',0,1,'2017-01-31 02:59:55'),(63,26,6,'Sapiente libero vel vel voluptatum in eum et. Iure dolorem et nulla unde. Adipisci pariatur sed culpa non maxime.',0,0,'2014-04-09 18:46:34'),(64,45,8,'Dolores et reiciendis assumenda commodi ab incidunt tenetur laborum. Consequatur voluptate error ut et deserunt commodi dolor. Ipsam ut modi est est maiores nam laboriosam. Possimus et aut excepturi fugit.',1,1,'2019-12-07 22:00:17'),(65,13,1,'Voluptatem eos ex optio. Excepturi eos rem ut nulla. Autem et sit et architecto qui facilis. Occaecati officiis et qui dolorum magni.',0,0,'2013-07-20 00:45:56'),(66,144,7,'Minima quo facilis vel deserunt. Doloremque fuga autem corporis est atque repellat sit. Voluptatem qui velit fuga accusantium.',1,1,'2010-06-13 11:31:18'),(67,62,1,'Aut voluptatem eaque similique est voluptatum quis sunt. Est earum quas neque ut. Nobis tempore assumenda ut beatae. Id voluptate enim eius beatae sed eaque. Omnis fugit sapiente consequatur sed.',0,0,'2015-02-22 22:33:06'),(68,19,5,'At sint et architecto ut rerum sunt tenetur. Accusamus quo voluptatum sunt qui possimus quis deserunt est. Voluptatem fugit iure aspernatur earum rerum qui praesentium eligendi. Voluptate expedita dolorem aut eaque et non rerum. Voluptas nihil ut sed.',1,1,'2011-06-14 21:00:57'),(69,106,3,'Et nostrum suscipit omnis. Est dolorem consequatur possimus sit ut aut. Inventore inventore pariatur repellendus sunt aut. Aliquid praesentium quis sit rerum.',1,1,'2011-02-05 14:20:44'),(70,28,2,'Aut error et esse quo doloribus sunt. Nihil molestiae aut ea iste eum. Quasi fugiat blanditiis adipisci.',0,1,'2014-03-07 21:51:17'),(71,33,7,'Repellendus occaecati atque eligendi. Libero voluptates unde quae qui minima.',1,1,'2011-10-18 07:07:38'),(72,75,6,'Reiciendis ea vitae natus repellat occaecati laboriosam. Qui architecto cupiditate nobis.',1,1,'2011-04-30 20:15:26'),(73,65,4,'Perspiciatis aliquid exercitationem aut sunt quibusdam dolor. Porro temporibus et quos fugiat doloremque reprehenderit. Possimus earum sed ea sint voluptatem repudiandae.',1,1,'2013-11-03 19:11:23'),(74,101,2,'Adipisci saepe id officia nihil. Aut repudiandae explicabo rerum non officia. Qui ex beatae aut sint omnis illum. Placeat eos quis est aut iusto aliquam.',1,1,'2012-03-02 08:48:56'),(75,132,9,'Sequi reprehenderit consequuntur commodi amet vel recusandae non. Accusamus tenetur et ipsam tenetur. Qui perferendis voluptatibus rerum et.',1,1,'2010-09-11 17:31:50'),(76,104,9,'Natus distinctio ut deserunt et eos voluptatem odio. Aut debitis distinctio qui sint blanditiis labore. Repudiandae quisquam officiis architecto et ut aut.',0,1,'2013-12-13 10:27:21'),(77,22,3,'Odit molestiae est itaque et. Deleniti enim vero accusamus et aliquid labore doloremque. Quisquam distinctio nihil quaerat voluptatum ut aliquid.',0,0,'2016-01-03 09:38:31'),(78,86,3,'Ut et corrupti dolorem est et sed. Modi suscipit maxime neque facere illo qui temporibus sequi. Alias aspernatur et nihil consequatur omnis vitae. Vero eveniet quis sunt voluptatem nobis fuga.',1,1,'2016-05-07 21:48:10'),(79,82,10,'Id saepe repellat voluptas qui. Earum saepe iste neque optio. Neque enim voluptas et voluptas eaque et nihil. Libero est hic amet sapiente voluptatum voluptatem quidem.',1,1,'2019-11-15 15:57:24'),(80,37,3,'Neque sunt alias enim dolores eius. Est et eum aliquam incidunt quo cum. Veritatis unde qui corporis labore occaecati. Nobis sit est quidem aliquam ut sit ad.',1,1,'2020-01-14 17:15:14'),(81,104,6,'At omnis ea provident architecto sunt eum. Cumque repellat provident consequatur est. Porro temporibus dicta et repudiandae et. Molestiae et et expedita porro dolor voluptates saepe eos.',1,1,'2013-09-07 08:35:21'),(82,131,6,'Quisquam similique minus quibusdam. Voluptatum id deleniti est ut et libero quae et. Vel odit sint dolor non consequatur non et.',0,1,'2016-10-05 06:59:27'),(83,56,1,'Est ex voluptate architecto aut culpa molestiae. Non consectetur ipsam est et expedita exercitationem aspernatur. Ut quia perferendis quo non voluptate. Recusandae aliquam debitis tempore qui et ipsum.',1,1,'2018-01-30 21:56:09'),(84,23,7,'Eum voluptatem quia explicabo porro et. Officia molestiae voluptatem maiores adipisci. Adipisci dolorem et qui incidunt est eveniet magnam. Alias est nihil provident aut sunt.',1,1,'2018-12-02 00:03:37'),(85,84,10,'Iure illum pariatur minus excepturi fugit. Enim numquam saepe ipsum et. Omnis quae repellat illum est nihil.',0,0,'2015-03-20 03:38:45'),(86,41,4,'Rerum expedita quisquam aut corporis alias eligendi et. Qui natus dolore tempora beatae maxime deserunt. Illum quos dolores eos qui et. Consectetur numquam reiciendis autem ullam provident delectus adipisci et.',1,1,'2019-08-15 09:16:48'),(87,20,5,'Voluptates consectetur est quos labore est. Nostrum distinctio beatae debitis architecto quo et saepe. Excepturi et fugit distinctio fugit. Est fuga sed voluptatibus ex dolorem officiis sint. Numquam consectetur temporibus perspiciatis omnis alias voluptatem qui.',1,1,'2015-03-18 01:37:06'),(88,5,7,'Magni qui perspiciatis autem consequuntur recusandae. Qui magnam doloribus eaque sed ullam. Aut ipsum reprehenderit sint aliquam sed facere odio.',1,1,'2017-05-26 07:01:06'),(89,61,10,'Mollitia veniam blanditiis et qui magni numquam. Tempore laborum in voluptatum animi quae ex voluptas. Temporibus animi eveniet quis nemo inventore odio. Accusamus neque nihil officia qui est dolores debitis suscipit.',1,1,'2012-05-27 18:35:07'),(90,53,1,'Dicta et at sapiente deserunt enim provident corrupti. Voluptas quam asperiores labore ipsa voluptatibus est. Aspernatur qui dolor laudantium qui. Ab tempore eaque ut et perspiciatis.',1,1,'2020-01-18 00:23:12'),(91,8,2,'Sunt ut mollitia a voluptatem facere. Est et velit id tempora impedit dolor. Enim laboriosam labore ad dolorum. Pariatur quae repudiandae nihil quaerat.',0,0,'2019-01-28 17:59:00'),(92,126,6,'Quisquam maxime expedita nesciunt blanditiis. Nulla impedit iusto iure est nulla voluptas. Saepe quia est velit totam quo ex culpa.',0,1,'2015-03-03 18:01:58'),(93,62,4,'Quidem exercitationem vero necessitatibus dignissimos occaecati voluptate. Aspernatur quod harum sit officia odit. Eos quia dicta vitae adipisci error quia.',0,0,'2011-12-20 13:24:42'),(94,44,6,'Aut quo voluptatem labore. Dignissimos inventore necessitatibus laudantium dicta. Nostrum voluptatem repellendus quibusdam necessitatibus non nam quo laborum. Dignissimos impedit illum aliquid aspernatur ex.',0,1,'2017-01-13 04:08:32'),(95,113,2,'At quasi qui omnis aut. Neque magnam quia omnis nemo.',1,1,'2016-04-04 23:43:40'),(96,104,9,'Pariatur molestiae est recusandae et quae aut. Voluptatem omnis aut a necessitatibus qui non et. Porro est voluptatem non sed reprehenderit quas fugit. Et nam eveniet molestiae quo est.',1,1,'2014-06-16 10:23:36'),(97,49,10,'Fugit odio doloremque vero quia id quo aperiam. Porro occaecati excepturi suscipit dolore rem corrupti nihil. Mollitia sequi et quidem odit error qui.',0,0,'2014-01-17 21:46:09'),(98,139,7,'Autem consequatur eos odit error incidunt quaerat esse. Enim amet delectus ut ducimus nesciunt aut hic. Inventore sunt pariatur dignissimos laborum eos ut.',0,1,'2013-07-16 02:06:20'),(99,92,1,'Dolorem quam consequatur amet nihil deserunt. Odit blanditiis architecto voluptatem quia iure. Adipisci voluptas et ut autem.',1,1,'2011-07-08 08:38:52'),(100,41,3,'Et aut dignissimos deleniti qui. Numquam laboriosam temporibus unde ipsum accusamus quasi facilis. Iusto commodi autem minima et facilis.',0,1,'2010-08-03 10:29:35'),(101,100,5,'Hic aut est ratione beatae. Inventore quia dolores et ut laboriosam qui. Autem odio et vero unde.',0,0,'2019-07-04 21:48:03'),(102,23,5,'Autem quisquam hic doloremque eos saepe. Occaecati sit et maxime sequi. Quam adipisci iste eligendi blanditiis recusandae ipsum.',1,1,'2013-08-09 02:00:44'),(103,134,1,'Qui perspiciatis tenetur accusantium quaerat consequatur ut eligendi. Blanditiis et et tempore quia beatae eos. Repudiandae tenetur itaque delectus perferendis harum sed. Quia et dolorem nulla qui labore et.',0,1,'2013-06-23 07:04:28'),(104,88,8,'Recusandae soluta omnis qui accusantium. Magnam qui et ipsam voluptate tempore. Quia qui eligendi ut eum et. Odit qui eos officiis ipsa voluptates.',1,1,'2013-05-22 19:11:10'),(105,8,10,'Et sint voluptas adipisci omnis id sit. Illo dolorem eveniet sint sed et dolor possimus. Atque tempore porro natus repudiandae et.',0,0,'2013-05-28 00:21:16'),(106,106,7,'Doloremque rerum molestiae saepe. Dolores tempore voluptates eos dolorum sint. Et vero officiis reiciendis error alias hic possimus.',1,1,'2017-07-09 05:39:08'),(107,139,9,'Aut aut alias nesciunt laboriosam. Mollitia harum qui amet dicta aut impedit et. Et qui provident omnis nihil. Sed quidem sapiente eum quos et laboriosam et.',0,1,'2020-05-20 16:23:22'),(108,40,9,'Vel et repellat natus eligendi velit ullam repellendus. Distinctio vel tempora quo ipsa sunt voluptatem sed et. Alias cupiditate ea autem voluptatem harum ad facere nostrum.',1,1,'2019-12-12 09:26:42'),(109,93,5,'Aliquid omnis dignissimos cum suscipit ut ullam saepe labore. Officiis vel adipisci minima eum. Perferendis nisi vel alias dignissimos veniam nostrum omnis.',1,1,'2010-09-21 18:37:11'),(110,65,8,'Possimus quibusdam et architecto quisquam. Magni eos laboriosam a quibusdam neque suscipit quo delectus. Cum blanditiis autem autem numquam. Sunt ea laboriosam neque nemo. Quo sit commodi minus minima.',1,1,'2018-02-09 10:17:58'),(111,83,5,'Autem vel quasi molestiae qui est tempora. Modi dignissimos praesentium quia in. Officiis vero aliquam ea officia ea suscipit. Eum impedit vitae consequatur eius facere culpa debitis eveniet.',1,1,'2013-02-16 18:26:33'),(112,94,8,'Et quis id quia. Qui quia aliquid quia veritatis dolorem voluptatem deleniti.',1,1,'2016-06-11 20:49:33'),(113,126,10,'Nemo exercitationem sequi rerum. Quidem iste dolorem eligendi. Corrupti doloribus maxime numquam et vel voluptas consequatur. At mollitia aut perspiciatis sit non consequatur.',1,1,'2013-05-24 15:20:32'),(114,55,9,'Voluptatem adipisci voluptatem nihil ipsum eos nostrum dolores. Neque harum magni ipsum magni laudantium necessitatibus quia. Voluptatem voluptatem consequuntur ex autem. Aut adipisci id commodi vel fugiat quas enim ad.',1,1,'2012-07-06 22:15:17'),(115,52,1,'Officiis ut illo ut consequatur sint. Ipsum quos eius dolorem consequatur sed laborum natus.',0,0,'2016-10-11 01:15:53'),(116,39,2,'Earum qui est reiciendis eius est eligendi et vel. Accusantium architecto sit iusto similique.',1,1,'2018-12-28 16:54:29'),(117,121,7,'Ea animi quod voluptatibus voluptas nemo. Molestias cum neque ad. Eligendi aut nihil enim assumenda et voluptatem molestiae. Occaecati praesentium non odit in.',1,1,'2017-05-01 19:09:24'),(118,136,6,'Sed itaque nesciunt qui in aut sed. Nobis qui magni esse modi. Nobis voluptatibus consequuntur molestiae ut magni aliquam.',0,1,'2017-11-21 20:22:29'),(119,2,4,'Recusandae assumenda velit eaque omnis laborum nostrum. Qui dolorum enim praesentium ipsam ratione saepe. Quibusdam ut accusamus nihil architecto.',1,1,'2018-05-17 11:30:22'),(120,147,7,'Rerum hic in ut non asperiores. Magnam cum et id et et. Aut perspiciatis tempore nam nobis laboriosam.',1,1,'2011-08-19 13:19:15'),(121,69,3,'Ducimus ut explicabo sint earum voluptatem. Optio enim ea quidem quidem omnis. Deleniti maxime quo velit est dolorem et quis consequuntur. Et ea omnis quam sapiente ipsum.',0,0,'2010-10-21 23:07:24'),(122,127,5,'Non dolor enim praesentium ipsam hic non. Blanditiis dicta soluta dolor aliquam quidem. Earum consequuntur et aut quasi. Iusto aut eveniet omnis vero. Et qui soluta omnis qui illum.',0,1,'2019-05-21 14:08:16'),(123,142,3,'Cumque temporibus qui accusantium voluptas error rerum provident. Et aliquid ratione enim molestiae sint ea quia libero. Reiciendis accusantium voluptas saepe dolorum.',1,1,'2016-04-22 22:40:20'),(124,52,1,'Ea voluptas nihil veritatis id est at. Nesciunt enim repellendus sit harum quo. Cumque minus neque itaque rerum dolorum.',1,1,'2018-02-04 23:49:53'),(125,11,3,'Molestias totam quia voluptas hic dignissimos dolores eos sint. Aperiam impedit quidem id non eum modi. Ea sint possimus quidem officiis reprehenderit. Et et animi iure sed.',0,1,'2011-07-21 21:27:57'),(126,33,3,'Illum eos et iure voluptatum. Et dolores et ad et asperiores. Explicabo ex veniam sint atque ipsum dolor aut eum.',1,1,'2014-03-27 10:38:41'),(127,83,1,'Ab dolor laborum repudiandae voluptas sunt nemo pariatur. Repellendus et corporis eos rerum esse velit qui ipsam.',1,1,'2019-07-13 08:35:52'),(128,70,3,'Praesentium culpa unde consequatur sed. Minima ad omnis quasi doloribus. Quam est amet repudiandae officia.',0,1,'2017-12-19 12:01:32'),(129,129,6,'Eius ad sunt ipsam voluptates. Odio eos necessitatibus dignissimos quae eos nam. Velit eum placeat quis iste consequatur. Recusandae perspiciatis qui quod minima consectetur repudiandae quia.',1,1,'2020-05-08 04:18:25'),(130,11,8,'Tenetur quas dolore asperiores non et blanditiis ipsa sequi. Assumenda qui ullam ullam rem commodi est aperiam. Ab voluptatem quaerat omnis nostrum autem reiciendis voluptatibus. Ut voluptatum molestiae ipsam.',1,1,'2015-08-24 05:51:59'),(131,103,1,'Ducimus molestiae alias cum perspiciatis delectus. Fuga ipsa dolor numquam sunt sint molestias ea. Placeat sit voluptatum temporibus eos magni possimus laborum repudiandae.',1,1,'2017-11-08 10:13:08'),(132,53,5,'Aspernatur omnis corporis rerum unde molestiae. Minima deleniti aut velit ullam omnis. Asperiores libero et quas hic veniam.',1,1,'2016-02-12 02:17:49'),(133,65,7,'Enim dolorem error vel occaecati sit aut doloribus incidunt. Vel et aperiam consequatur dignissimos. Eaque aperiam voluptatem fugiat magnam similique.',0,0,'2018-06-30 00:37:52'),(134,17,5,'Temporibus rerum quidem recusandae quaerat odio dicta. Recusandae error hic consequatur inventore. Placeat beatae sapiente sapiente accusamus nulla. Ea voluptatem labore assumenda quo optio.',1,1,'2016-08-17 12:12:37'),(135,24,3,'A sint laborum voluptatem ratione. Debitis autem dolorem ab dolor rerum. Doloribus voluptatem sint ut omnis accusantium accusamus nesciunt dolorem. Error dolores sed provident error.',1,1,'2018-06-22 02:51:20'),(136,148,1,'Ut sint eius mollitia qui nobis. Expedita exercitationem non molestiae error a ut sapiente velit. Repellat reprehenderit quae enim ex velit molestiae quos. Et exercitationem et quas maiores.',0,1,'2016-06-23 17:48:10'),(137,48,5,'Ducimus quibusdam sint at culpa. Distinctio excepturi in facilis. Velit deserunt consequuntur ut aut et tempora. Aliquam iure nihil voluptas nam.',0,0,'2013-08-29 09:56:32'),(138,16,3,'Soluta veritatis nihil sunt et dolorem. Molestias facilis fugit eaque ex. Omnis qui nisi porro repudiandae quod similique praesentium. Reprehenderit et est adipisci officiis laborum unde.',1,1,'2016-10-04 00:26:05'),(139,15,7,'Voluptas qui quam ut officiis explicabo esse. Eum deleniti non impedit.',0,0,'2010-12-23 11:00:47'),(140,143,9,'Nam voluptatem quos architecto. Animi in et incidunt dolorem assumenda. Aut et doloremque voluptatibus quasi quaerat enim ut.',1,1,'2011-07-21 06:26:59'),(141,32,7,'Occaecati alias reprehenderit sunt iste sit voluptatum. Vel dignissimos sint unde quia. Quidem deleniti commodi vel velit et ratione suscipit quam.',1,1,'2011-08-03 03:52:41'),(142,58,2,'Dolore quibusdam eligendi numquam modi. Consectetur similique sunt ducimus. Hic sint aperiam rerum voluptatem est pariatur officiis et. Assumenda et nihil sit tempora officiis aut.',0,1,'2012-04-13 15:49:55'),(143,55,6,'Qui ipsa eveniet optio sint maxime qui. Vero sed dolore aspernatur dolor qui qui culpa et. Ut excepturi impedit aut nisi et natus.',0,0,'2015-03-08 15:43:47'),(144,74,9,'Doloremque commodi consectetur magni et ipsum. Fugiat fugit quidem nostrum libero nesciunt. Perferendis eligendi nihil ut consequatur ut accusantium.',1,1,'2011-10-24 08:22:41'),(145,147,3,'Neque et quos tempore necessitatibus. Odit ut et voluptatem ullam suscipit et at. Sapiente accusantium perferendis qui aliquam quis aut quos.',1,1,'2015-01-23 14:38:07'),(146,26,2,'Nisi ut minus aliquid harum aliquid possimus voluptas. Ut assumenda vitae vel consequatur sint occaecati illo. Enim dolorem quasi repellat vitae. Et ab ut debitis quidem debitis.',1,1,'2019-06-07 04:37:08'),(147,72,8,'Commodi facilis odit accusamus. Sint ullam similique at optio. Qui aut quis quis omnis. Vitae sint mollitia praesentium aliquid.',1,1,'2019-05-28 18:49:56'),(148,72,1,'Quae sed sed veniam ducimus. Omnis aliquam ipsum repudiandae et.',0,1,'2018-12-06 02:34:30'),(149,109,6,'Provident vitae ullam modi consequatur. Magni officia recusandae ut quas exercitationem aliquam. Et iusto rerum vel minus ipsa amet alias.',0,0,'2014-10-11 04:25:12'),(150,75,9,'Dolores voluptates voluptatem minima adipisci. Soluta libero est voluptatem deleniti. Ullam debitis eveniet consequatur voluptates quia harum labore ut.',1,1,'2016-07-29 22:06:29');
/*!40000 ALTER TABLE `messages` ENABLE KEYS */;
UNLOCK TABLES;

--
-- Table structure for table `order_statuses`
--

DROP TABLE IF EXISTS `order_statuses`;
/*!40101 SET @saved_cs_client     = @@character_set_client */;
/*!50503 SET character_set_client = utf8mb4 */;
CREATE TABLE `order_statuses` (
  `id` int unsigned NOT NULL AUTO_INCREMENT,
  `name_status` varchar(20) CHARACTER SET utf8 COLLATE utf8_unicode_ci NOT NULL,
  PRIMARY KEY (`id`)
) ENGINE=InnoDB AUTO_INCREMENT=6 DEFAULT CHARSET=utf8 COLLATE=utf8_unicode_ci;
/*!40101 SET character_set_client = @saved_cs_client */;

--
-- Dumping data for table `order_statuses`
--

LOCK TABLES `order_statuses` WRITE;
/*!40000 ALTER TABLE `order_statuses` DISABLE KEYS */;
INSERT INTO `order_statuses` VALUES (1,'РћС‚РєСЂС‹С‚'),(2,'Р РµР·РµСЂРІ'),(3,'РЎРѕР±СЂР°РЅ'),(4,'РЈ РєСѓСЂСЊРµСЂР°'),(5,'Р“РѕС‚РѕРІ Рє РїРѕР»СѓС‡РµРЅРёСЋ');
/*!40000 ALTER TABLE `order_statuses` ENABLE KEYS */;
UNLOCK TABLES;

--
-- Table structure for table `orders`
--

DROP TABLE IF EXISTS `orders`;
/*!40101 SET @saved_cs_client     = @@character_set_client */;
/*!50503 SET character_set_client = utf8mb4 */;
CREATE TABLE `orders` (
  `id` int unsigned NOT NULL AUTO_INCREMENT,
  `user_id` int unsigned DEFAULT NULL,
  `status_id` int unsigned NOT NULL,
  `ship_name` varchar(60) CHARACTER SET utf8 COLLATE utf8_unicode_ci NOT NULL,
  `delivery_id` int unsigned DEFAULT NULL,
  `ship_address` varchar(80) CHARACTER SET utf8 COLLATE utf8_unicode_ci NOT NULL,
  `ship_city` varchar(30) CHARACTER SET utf8 COLLATE utf8_unicode_ci NOT NULL,
  `ship_country` varchar(20) CHARACTER SET utf8 COLLATE utf8_unicode_ci NOT NULL,
  `created_at` datetime DEFAULT CURRENT_TIMESTAMP,
  `update_at` datetime DEFAULT CURRENT_TIMESTAMP ON UPDATE CURRENT_TIMESTAMP,
  PRIMARY KEY (`id`),
  KEY `orders_status_id_fk` (`status_id`),
  KEY `orders_user_id_fk` (`user_id`),
  KEY `orders_delivery_id_fk` (`delivery_id`),
  CONSTRAINT `orders_delivery_id_fk` FOREIGN KEY (`delivery_id`) REFERENCES `delivery` (`id`) ON DELETE SET NULL,
  CONSTRAINT `orders_status_id_fk` FOREIGN KEY (`status_id`) REFERENCES `order_statuses` (`id`) ON DELETE RESTRICT,
  CONSTRAINT `orders_user_id_fk` FOREIGN KEY (`user_id`) REFERENCES `users` (`id`) ON DELETE RESTRICT
) ENGINE=InnoDB AUTO_INCREMENT=151 DEFAULT CHARSET=utf8 COLLATE=utf8_unicode_ci;
/*!40101 SET character_set_client = @saved_cs_client */;

--
-- Dumping data for table `orders`
--

LOCK TABLES `orders` WRITE;
/*!40000 ALTER TABLE `orders` DISABLE KEYS */;
INSERT INTO `orders` VALUES (1,29,4,'Р”РѕСЃС‚Р°РІРєР° РєСѓСЂСЊРµСЂРѕРј',NULL,'93400 Guillermo Ramp','РњРёРЅСЃРє','BLR','2016-04-29 00:40:20','2020-06-03 18:39:56'),(2,54,4,'РЎР°РјРѕРІС‹РІРѕР·',NULL,'05793 Smith Field','РњРёРЅСЃРє','BLR','2012-03-28 09:07:57','2020-06-03 18:39:56'),(3,15,3,'РЎР°РјРѕРІС‹РІРѕР·',NULL,'055 Rosalind Divide Suite 579','Р•СЂРµРІР°РЅ','ARM','2015-01-05 13:13:49','2020-06-03 18:39:52'),(4,88,1,'РЎР°РјРѕРІС‹РІРѕР·',NULL,'859 Mueller Forest','РђСЃС‚Р°РЅР°','KAZ','2013-11-21 10:59:16','2020-06-03 18:36:43'),(5,27,2,'РЎР°РјРѕРІС‹РІРѕР·',NULL,'984 Walsh Tunnel','Р‘РёС€РєРµРє','KGZ','2017-01-08 17:21:20','2020-06-03 18:39:59'),(6,16,4,'РЎР°РјРѕРІС‹РІРѕР·',13,'9162 Eloise Curve Suite 100','РњРѕСЃРєРІР°','RUS','2014-05-15 13:15:12','2020-06-03 18:34:33'),(7,50,2,'РЎР°РјРѕРІС‹РІРѕР·',16,'304 Yundt Drive','РњС‹С‚РёС‰Рё','RUS','2017-12-28 19:13:16','2020-06-03 18:34:33'),(8,51,4,'РЎР°РјРѕРІС‹РІРѕР·',NULL,'1360 Kennedy Rapid Suite 670','Р•СЂРµРІР°РЅ','ARM','2012-06-25 10:33:26','2020-06-03 18:39:52'),(9,67,4,'РЎР°РјРѕРІС‹РІРѕР·',44,'17189 Kling Circle','Р–СѓРєРѕРІСЃРєРёР№','RUS','2011-05-02 10:18:10','2020-06-03 18:34:33'),(10,58,1,'РЎР°РјРѕРІС‹РІРѕР·',21,'63677 Haylie Plains Suite 841','РђР»РјР°С‚С‹','KAZ','2018-01-05 14:00:02','2020-06-03 18:36:43'),(11,52,3,'Р”РѕСЃС‚Р°РІРєР° РєСѓСЂСЊРµСЂРѕРј',20,'98232 Senger Lock Suite 170','РњРёРЅСЃРє','BLR','2013-11-04 04:31:13','2020-06-03 18:39:56'),(12,6,2,'Р”РѕСЃС‚Р°РІРєР° РєСѓСЂСЊРµСЂРѕРј',NULL,'64602 Kirlin Rest','РњС‹С‚РёС‰Рё','RUS','2014-01-18 23:42:52','2020-06-03 18:34:33'),(13,96,3,'РЎР°РјРѕРІС‹РІРѕР·',37,'7759 Dora Causeway Apt. 112','Р‘РёС€РєРµРє','KGZ','2011-07-02 11:40:43','2020-06-03 18:39:59'),(14,107,3,'Р”РѕСЃС‚Р°РІРєР° РєСѓСЂСЊРµСЂРѕРј',25,'01510 Paula Islands Apt. 971','РџРѕРґРѕР»СЊСЃРє','RUS','2011-01-06 14:14:53','2020-06-03 18:34:33'),(15,120,5,'Р”РѕСЃС‚Р°РІРєР° РєСѓСЂСЊРµСЂРѕРј',12,'54081 Carroll Pass Suite 074','РђСЃС‚Р°РЅР°','KAZ','2015-02-15 22:11:31','2020-06-03 18:36:43'),(16,106,1,'Р”РѕСЃС‚Р°РІРєР° РєСѓСЂСЊРµСЂРѕРј',NULL,'4636 Adaline Orchard','Р•СЂРµРІР°РЅ','ARM','2015-09-22 12:32:12','2020-06-03 18:39:52'),(17,34,3,'РЎР°РјРѕРІС‹РІРѕР·',NULL,'733 Delbert Trace Apt. 800','РђР»РјР°С‚С‹','KAZ','2019-12-28 08:29:38','2020-06-03 18:36:43'),(18,138,4,'РЎР°РјРѕРІС‹РІРѕР·',NULL,'641 Jerel Village','Р•СЂРµРІР°РЅ','ARM','2015-02-27 07:11:56','2020-06-03 18:39:52'),(19,65,3,'Р”РѕСЃС‚Р°РІРєР° РєСѓСЂСЊРµСЂРѕРј',NULL,'465 Rubye Shore Apt. 409','РњРёРЅСЃРє','BLR','2012-08-20 02:31:43','2020-06-03 18:39:56'),(20,140,5,'РЎР°РјРѕРІС‹РІРѕР·',33,'6657 Grady Manor Suite 780','Р‘РёС€РєРµРє','KGZ','2015-09-21 06:11:54','2020-06-03 18:39:59'),(21,127,1,'Р”РѕСЃС‚Р°РІРєР° РєСѓСЂСЊРµСЂРѕРј',32,'8711 Alec Lights Suite 782','Р•СЂРµРІР°РЅ','ARM','2019-02-19 16:11:49','2020-06-03 18:39:52'),(22,88,5,'РЎР°РјРѕРІС‹РІРѕР·',NULL,'49898 Bradtke Corner Suite 633','Р•СЂРµРІР°РЅ','ARM','2019-04-05 10:41:51','2020-06-03 18:39:52'),(23,76,3,'РЎР°РјРѕРІС‹РІРѕР·',10,'2231 Gerlach Flat Apt. 062','Р‘РёС€РєРµРє','KGZ','2015-01-23 13:28:25','2020-06-03 18:39:59'),(24,56,1,'РЎР°РјРѕРІС‹РІРѕР·',3,'282 Schmitt Islands','РњРёРЅСЃРє','BLR','2017-11-19 03:47:25','2020-06-03 18:39:56'),(25,76,2,'РЎР°РјРѕРІС‹РІРѕР·',NULL,'62935 Tremblay Plains Apt. 200','Р–СѓРєРѕРІСЃРєРёР№','RUS','2011-05-14 21:31:03','2020-06-03 18:34:33'),(26,30,3,'РЎР°РјРѕРІС‹РІРѕР·',NULL,'61547 Moen Corner','РњРёРЅСЃРє','BLR','2015-05-08 18:47:27','2020-06-03 18:39:56'),(27,32,2,'РЎР°РјРѕРІС‹РІРѕР·',32,'03622 Carolyn Causeway','РђР»РјР°С‚С‹','KAZ','2014-01-02 22:33:03','2020-06-03 18:36:43'),(28,30,5,'Р”РѕСЃС‚Р°РІРєР° РєСѓСЂСЊРµСЂРѕРј',NULL,'404 Leonor Ports','Р‘РёС€РєРµРє','KGZ','2012-05-06 10:00:26','2020-06-03 18:39:59'),(29,122,1,'Р”РѕСЃС‚Р°РІРєР° РєСѓСЂСЊРµСЂРѕРј',4,'518 Kaela Glen','РњРёРЅСЃРє','BLR','2015-11-28 06:32:35','2020-06-03 18:39:56'),(30,96,5,'РЎР°РјРѕРІС‹РІРѕР·',NULL,'37332 Laura Trafficway Apt. 644','Р•СЂРµРІР°РЅ','ARM','2014-06-29 11:49:11','2020-06-03 18:39:52'),(31,117,4,'Р”РѕСЃС‚Р°РІРєР° РєСѓСЂСЊРµСЂРѕРј',23,'6758 Sigrid Motorway Apt. 626','РњРёРЅСЃРє','BLR','2018-06-27 19:32:38','2020-06-03 18:39:56'),(32,149,4,'РЎР°РјРѕРІС‹РІРѕР·',3,'91699 Green Plaza Apt. 545','Р‘РёС€РєРµРє','KGZ','2011-09-11 08:20:00','2020-06-03 18:39:59'),(33,119,5,'РЎР°РјРѕРІС‹РІРѕР·',NULL,'796 Witting Trail','Р•СЂРµРІР°РЅ','ARM','2017-01-24 08:45:03','2020-06-03 18:39:52'),(34,21,1,'РЎР°РјРѕРІС‹РІРѕР·',NULL,'97920 Elliott Road','Р•СЂРµРІР°РЅ','ARM','2017-03-07 06:45:04','2020-06-03 18:39:52'),(35,67,2,'РЎР°РјРѕРІС‹РІРѕР·',44,'1492 Oberbrunner Groves Suite 839','РђР»РјР°С‚С‹','KAZ','2018-05-25 10:45:15','2020-06-03 18:36:43'),(36,23,1,'Р”РѕСЃС‚Р°РІРєР° РєСѓСЂСЊРµСЂРѕРј',11,'649 Feest Point','Р•СЂРµРІР°РЅ','ARM','2018-12-22 10:46:43','2020-06-03 18:39:52'),(37,138,3,'РЎР°РјРѕРІС‹РІРѕР·',NULL,'47300 Wolf Landing','Р•СЂРµРІР°РЅ','ARM','2019-10-11 06:23:49','2020-06-03 18:39:52'),(38,1,1,'РЎР°РјРѕРІС‹РІРѕР·',NULL,'57774 Shawn Square Suite 028','Р•СЂРµРІР°РЅ','ARM','2014-05-07 09:23:49','2020-06-03 18:39:52'),(39,124,3,'РЎР°РјРѕРІС‹РІРѕР·',21,'37315 Nikolaus Via','РџРѕРґРѕР»СЊСЃРє','RUS','2013-08-26 15:04:48','2020-06-03 18:34:33'),(40,90,3,'РЎР°РјРѕРІС‹РІРѕР·',23,'82019 Lonie Lake Suite 647','РњРёРЅСЃРє','BLR','2011-04-12 09:57:13','2020-06-03 18:39:56'),(41,144,4,'Р”РѕСЃС‚Р°РІРєР° РєСѓСЂСЊРµСЂРѕРј',1,'63699 Gia Islands','Р•СЂРµРІР°РЅ','ARM','2013-10-06 15:57:22','2020-06-03 18:39:52'),(42,123,3,'РЎР°РјРѕРІС‹РІРѕР·',NULL,'3916 Sofia Street Suite 493','РњРёРЅСЃРє','BLR','2015-05-08 03:43:01','2020-06-03 18:39:56'),(43,136,3,'РЎР°РјРѕРІС‹РІРѕР·',34,'09835 Hilpert Ramp Suite 485','РњРёРЅСЃРє','BLR','2015-04-30 08:18:55','2020-06-03 18:39:56'),(44,118,1,'РЎР°РјРѕРІС‹РІРѕР·',NULL,'3937 Metz Fall','РњРёРЅСЃРє','BLR','2019-07-04 08:35:47','2020-06-03 18:39:56'),(45,112,4,'Р”РѕСЃС‚Р°РІРєР° РєСѓСЂСЊРµСЂРѕРј',17,'842 Kuhlman Islands Suite 554','РњРёРЅСЃРє','BLR','2019-04-25 11:31:20','2020-06-03 18:39:56'),(46,13,5,'Р”РѕСЃС‚Р°РІРєР° РєСѓСЂСЊРµСЂРѕРј',34,'2007 Jakayla Center','РђСЃС‚Р°РЅР°','KAZ','2014-07-18 21:58:01','2020-06-03 18:36:43'),(47,143,5,'РЎР°РјРѕРІС‹РІРѕР·',18,'599 Bergstrom Dale','Р‘РёС€РєРµРє','KGZ','2012-11-09 11:13:49','2020-06-03 18:39:59'),(48,48,2,'РЎР°РјРѕРІС‹РІРѕР·',36,'8666 Roslyn Estate Suite 629','Р‘РёС€РєРµРє','KGZ','2012-01-26 22:33:08','2020-06-03 18:39:59'),(49,75,5,'РЎР°РјРѕРІС‹РІРѕР·',NULL,'5493 Bins Dam','Р•СЂРµРІР°РЅ','ARM','2014-09-20 18:07:39','2020-06-03 18:39:52'),(50,91,5,'Р”РѕСЃС‚Р°РІРєР° РєСѓСЂСЊРµСЂРѕРј',NULL,'080 Zulauf Throughway Apt. 085','РњРёРЅСЃРє','BLR','2014-05-07 23:20:50','2020-06-03 18:39:56'),(51,140,3,'Р”РѕСЃС‚Р°РІРєР° РєСѓСЂСЊРµСЂРѕРј',NULL,'08914 Haag Wells','Р‘РёС€РєРµРє','KGZ','2013-07-19 13:15:11','2020-06-03 18:39:59'),(52,48,1,'Р”РѕСЃС‚Р°РІРєР° РєСѓСЂСЊРµСЂРѕРј',25,'1871 Ciara Lights','Р•СЂРµРІР°РЅ','ARM','2014-05-10 16:56:34','2020-06-03 18:39:52'),(53,94,3,'Р”РѕСЃС‚Р°РІРєР° РєСѓСЂСЊРµСЂРѕРј',18,'0312 Gorczany Fords Apt. 031','Р‘РёС€РєРµРє','KGZ','2010-12-31 10:06:52','2020-06-03 18:39:59'),(54,146,3,'Р”РѕСЃС‚Р°РІРєР° РєСѓСЂСЊРµСЂРѕРј',15,'97327 DuBuque Forge Suite 463','Р‘РёС€РєРµРє','KGZ','2018-03-13 23:01:02','2020-06-03 18:39:59'),(55,122,1,'Р”РѕСЃС‚Р°РІРєР° РєСѓСЂСЊРµСЂРѕРј',NULL,'26379 Von Villages','Р•СЂРµРІР°РЅ','ARM','2016-07-19 09:21:24','2020-06-03 18:39:52'),(56,96,4,'РЎР°РјРѕРІС‹РІРѕР·',NULL,'4406 Toni Walks','Р‘РёС€РєРµРє','KGZ','2011-06-17 10:32:50','2020-06-03 18:39:59'),(57,125,2,'РЎР°РјРѕРІС‹РІРѕР·',22,'46860 Tatum Common','РњРёРЅСЃРє','BLR','2017-11-11 05:15:50','2020-06-03 18:39:56'),(58,2,1,'Р”РѕСЃС‚Р°РІРєР° РєСѓСЂСЊРµСЂРѕРј',NULL,'7475 Imogene Shoal','Р‘РёС€РєРµРє','KGZ','2014-09-30 13:15:26','2020-06-03 18:39:59'),(59,120,4,'Р”РѕСЃС‚Р°РІРєР° РєСѓСЂСЊРµСЂРѕРј',NULL,'27762 Hortense Plains Apt. 833','РџРѕРґРѕР»СЊСЃРє','RUS','2011-11-09 16:11:30','2020-06-03 18:34:33'),(60,144,4,'РЎР°РјРѕРІС‹РІРѕР·',12,'25559 Hickle Key','РњРёРЅСЃРє','BLR','2018-07-18 12:47:46','2020-06-03 18:39:56'),(61,6,4,'Р”РѕСЃС‚Р°РІРєР° РєСѓСЂСЊРµСЂРѕРј',42,'740 Jimmie Ridge Apt. 973','РђСЃС‚Р°РЅР°','KAZ','2013-08-23 08:02:48','2020-06-03 18:36:43'),(62,5,5,'РЎР°РјРѕРІС‹РІРѕР·',NULL,'9266 Nelson Loop','РњС‹С‚РёС‰Рё','RUS','2012-07-22 04:58:48','2020-06-03 18:34:33'),(63,43,4,'РЎР°РјРѕРІС‹РІРѕР·',NULL,'8934 Amiya Skyway Apt. 971','РџРѕРґРѕР»СЊСЃРє','RUS','2018-06-29 21:55:49','2020-06-03 18:34:33'),(64,13,2,'РЎР°РјРѕРІС‹РІРѕР·',25,'003 Gulgowski Court Apt. 752','РђСЃС‚Р°РЅР°','KAZ','2016-04-10 20:46:26','2020-06-03 18:36:43'),(65,14,2,'Р”РѕСЃС‚Р°РІРєР° РєСѓСЂСЊРµСЂРѕРј',50,'73587 Nia Ridges','РђР»РјР°С‚С‹','KAZ','2011-05-12 04:35:43','2020-06-03 18:36:43'),(66,137,4,'РЎР°РјРѕРІС‹РІРѕР·',NULL,'55259 Ritchie Ports','РџРѕРґРѕР»СЊСЃРє','RUS','2017-08-16 13:45:09','2020-06-03 18:34:33'),(67,76,4,'РЎР°РјРѕРІС‹РІРѕР·',24,'5502 Bridgette Summit','РђСЃС‚Р°РЅР°','KAZ','2010-06-30 19:58:08','2020-06-03 18:36:43'),(68,50,3,'Р”РѕСЃС‚Р°РІРєР° РєСѓСЂСЊРµСЂРѕРј',NULL,'252 Daugherty Drives Suite 249','Р‘РёС€РєРµРє','KGZ','2018-08-19 20:08:39','2020-06-03 18:39:59'),(69,106,5,'Р”РѕСЃС‚Р°РІРєР° РєСѓСЂСЊРµСЂРѕРј',NULL,'7407 Block Prairie Suite 660','Р–СѓРєРѕРІСЃРєРёР№','RUS','2013-06-17 10:25:14','2020-06-03 18:34:33'),(70,65,4,'РЎР°РјРѕРІС‹РІРѕР·',NULL,'53168 Onie Crest Apt. 635','Р–СѓРєРѕРІСЃРєРёР№','RUS','2013-02-17 09:40:03','2020-06-03 18:34:33'),(71,117,1,'Р”РѕСЃС‚Р°РІРєР° РєСѓСЂСЊРµСЂРѕРј',NULL,'8498 Hegmann Isle','РњС‹С‚РёС‰Рё','RUS','2012-05-01 20:05:19','2020-06-03 18:34:33'),(72,130,5,'РЎР°РјРѕРІС‹РІРѕР·',NULL,'2870 Johns Lakes','РњРёРЅСЃРє','BLR','2015-12-12 11:52:13','2020-06-03 18:39:56'),(73,62,4,'Р”РѕСЃС‚Р°РІРєР° РєСѓСЂСЊРµСЂРѕРј',NULL,'185 Goldner Shoals Suite 612','РњРѕСЃРєРІР°','RUS','2018-05-13 19:44:15','2020-06-03 18:34:33'),(74,9,4,'РЎР°РјРѕРІС‹РІРѕР·',21,'8679 Elna Burgs Suite 696','РњРёРЅСЃРє','BLR','2019-12-27 12:43:32','2020-06-03 18:39:56'),(75,60,2,'РЎР°РјРѕРІС‹РІРѕР·',NULL,'05779 Johnson Passage','РђР»РјР°С‚С‹','KAZ','2014-06-25 01:29:10','2020-06-03 18:36:43'),(76,9,1,'Р”РѕСЃС‚Р°РІРєР° РєСѓСЂСЊРµСЂРѕРј',NULL,'212 Otha Tunnel','Р‘РёС€РєРµРє','KGZ','2018-08-02 01:36:19','2020-06-03 18:39:59'),(77,75,1,'РЎР°РјРѕРІС‹РІРѕР·',NULL,'493 Schumm Ridges','РђР»РјР°С‚С‹','KAZ','2015-10-01 19:13:51','2020-06-03 18:36:43'),(78,143,1,'Р”РѕСЃС‚Р°РІРєР° РєСѓСЂСЊРµСЂРѕРј',NULL,'6381 Flatley Circles','Р‘РёС€РєРµРє','KGZ','2014-02-04 09:41:42','2020-06-03 18:39:59'),(79,87,3,'Р”РѕСЃС‚Р°РІРєР° РєСѓСЂСЊРµСЂРѕРј',NULL,'876 Schiller Lodge Suite 706','РњС‹С‚РёС‰Рё','RUS','2011-01-06 00:39:19','2020-06-03 18:34:33'),(80,53,3,'Р”РѕСЃС‚Р°РІРєР° РєСѓСЂСЊРµСЂРѕРј',30,'62694 Herzog Shoal Suite 850','Р•СЂРµРІР°РЅ','ARM','2012-03-18 11:54:31','2020-06-03 18:39:52'),(81,71,3,'Р”РѕСЃС‚Р°РІРєР° РєСѓСЂСЊРµСЂРѕРј',NULL,'0879 Ruecker Walk Suite 171','РњРёРЅСЃРє','BLR','2011-12-16 10:13:51','2020-06-03 18:39:56'),(82,120,5,'Р”РѕСЃС‚Р°РІРєР° РєСѓСЂСЊРµСЂРѕРј',36,'607 Benny River','РђСЃС‚Р°РЅР°','KAZ','2013-04-06 19:58:23','2020-06-03 18:36:43'),(83,138,3,'Р”РѕСЃС‚Р°РІРєР° РєСѓСЂСЊРµСЂРѕРј',42,'220 Becker Rapids Suite 760','Р‘РёС€РєРµРє','KGZ','2016-02-25 00:00:46','2020-06-03 18:39:59'),(84,40,2,'Р”РѕСЃС‚Р°РІРєР° РєСѓСЂСЊРµСЂРѕРј',2,'697 Weissnat Junction Suite 409','Р•СЂРµРІР°РЅ','ARM','2015-04-04 16:24:02','2020-06-03 18:39:52'),(85,107,4,'РЎР°РјРѕРІС‹РІРѕР·',NULL,'222 Brennon Stravenue Apt. 120','Р–СѓРєРѕРІСЃРєРёР№','RUS','2015-09-15 12:26:29','2020-06-03 18:34:33'),(86,20,3,'Р”РѕСЃС‚Р°РІРєР° РєСѓСЂСЊРµСЂРѕРј',NULL,'983 Fabiola Ramp','Р•СЂРµРІР°РЅ','ARM','2014-01-23 18:39:52','2020-06-03 18:39:52'),(87,4,2,'Р”РѕСЃС‚Р°РІРєР° РєСѓСЂСЊРµСЂРѕРј',33,'6775 Gorczany Wall','РњРёРЅСЃРє','BLR','2015-10-04 01:37:43','2020-06-03 18:39:56'),(88,43,2,'РЎР°РјРѕРІС‹РІРѕР·',NULL,'547 Melisa Passage Apt. 551','Р‘РёС€РєРµРє','KGZ','2013-02-08 06:01:53','2020-06-03 18:39:59'),(89,23,3,'Р”РѕСЃС‚Р°РІРєР° РєСѓСЂСЊРµСЂРѕРј',NULL,'94269 Bosco Corners','РњС‹С‚РёС‰Рё','RUS','2016-08-11 21:03:28','2020-06-03 18:34:33'),(90,49,5,'Р”РѕСЃС‚Р°РІРєР° РєСѓСЂСЊРµСЂРѕРј',8,'11948 Boyer Ville','Р‘РёС€РєРµРє','KGZ','2010-06-11 11:44:29','2020-06-03 18:39:59'),(91,115,4,'Р”РѕСЃС‚Р°РІРєР° РєСѓСЂСЊРµСЂРѕРј',NULL,'40347 Thaddeus Loaf','Р•СЂРµРІР°РЅ','ARM','2011-07-07 13:42:47','2020-06-03 18:39:52'),(92,100,3,'Р”РѕСЃС‚Р°РІРєР° РєСѓСЂСЊРµСЂРѕРј',NULL,'2936 Curt Plains Apt. 490','Р‘РёС€РєРµРє','KGZ','2016-06-26 06:19:56','2020-06-03 18:39:59'),(93,100,3,'РЎР°РјРѕРІС‹РІРѕР·',NULL,'0248 Schiller Pines','Р‘РёС€РєРµРє','KGZ','2010-06-30 17:33:00','2020-06-03 18:39:59'),(94,96,4,'Р”РѕСЃС‚Р°РІРєР° РєСѓСЂСЊРµСЂРѕРј',41,'85898 Josianne Plain','Р‘РёС€РєРµРє','KGZ','2017-09-13 20:33:28','2020-06-03 18:39:59'),(95,22,1,'РЎР°РјРѕРІС‹РІРѕР·',30,'228 Toy Meadow Apt. 552','РњРёРЅСЃРє','BLR','2013-07-16 22:21:07','2020-06-03 18:39:56'),(96,7,4,'Р”РѕСЃС‚Р°РІРєР° РєСѓСЂСЊРµСЂРѕРј',28,'5482 Crona Mountains','РњРёРЅСЃРє','BLR','2013-12-08 18:09:13','2020-06-03 18:39:56'),(97,68,1,'Р”РѕСЃС‚Р°РІРєР° РєСѓСЂСЊРµСЂРѕРј',1,'671 Hartmann Centers','РњРѕСЃРєРІР°','RUS','2012-07-04 00:15:15','2020-06-03 18:34:33'),(98,36,5,'РЎР°РјРѕРІС‹РІРѕР·',17,'01716 Katelyn Shore Apt. 486','Р•СЂРµРІР°РЅ','ARM','2015-10-12 02:39:12','2020-06-03 18:39:52'),(99,56,3,'РЎР°РјРѕРІС‹РІРѕР·',34,'8033 Leuschke Street Apt. 058','РђР»РјР°С‚С‹','KAZ','2019-07-25 11:27:07','2020-06-03 18:36:43'),(100,131,3,'Р”РѕСЃС‚Р°РІРєР° РєСѓСЂСЊРµСЂРѕРј',NULL,'3966 Dawson Mountain','РљСЂР°СЃРЅРѕРґР°СЂ','RUS','2014-06-17 01:51:54','2020-06-03 18:34:33'),(101,36,3,'Р”РѕСЃС‚Р°РІРєР° РєСѓСЂСЊРµСЂРѕРј',NULL,'547 Ward Square Apt. 233','РђСЃС‚Р°РЅР°','KAZ','2014-10-02 08:39:35','2020-06-03 18:36:43'),(102,96,3,'Р”РѕСЃС‚Р°РІРєР° РєСѓСЂСЊРµСЂРѕРј',NULL,'1954 Bogisich Grove','РњРѕСЃРєРІР°','RUS','2011-12-19 19:18:55','2020-06-03 18:34:33'),(103,141,4,'РЎР°РјРѕРІС‹РІРѕР·',NULL,'3420 Johnpaul Camp Suite 603','РђСЃС‚Р°РЅР°','KAZ','2019-09-18 07:58:31','2020-06-03 18:36:43'),(104,11,2,'Р”РѕСЃС‚Р°РІРєР° РєСѓСЂСЊРµСЂРѕРј',NULL,'26995 Stamm Street Suite 938','Р‘РёС€РєРµРє','KGZ','2012-12-21 08:56:07','2020-06-03 18:39:59'),(105,141,2,'РЎР°РјРѕРІС‹РІРѕР·',17,'635 Rosalia Court','РњРёРЅСЃРє','BLR','2011-08-06 06:35:44','2020-06-03 18:39:56'),(106,28,1,'Р”РѕСЃС‚Р°РІРєР° РєСѓСЂСЊРµСЂРѕРј',34,'63959 Bernier Shore','РњРёРЅСЃРє','BLR','2018-07-16 20:00:38','2020-06-03 18:39:56'),(107,12,5,'РЎР°РјРѕРІС‹РІРѕР·',17,'0373 Claude Wells','РђСЃС‚Р°РЅР°','KAZ','2013-08-29 09:49:27','2020-06-03 18:36:43'),(108,126,4,'Р”РѕСЃС‚Р°РІРєР° РєСѓСЂСЊРµСЂРѕРј',NULL,'72137 Frederic Square Apt. 138','РђР»РјР°С‚С‹','KAZ','2015-01-19 13:57:49','2020-06-03 18:36:43'),(109,32,2,'РЎР°РјРѕРІС‹РІРѕР·',33,'2636 Gerard Track Apt. 558','Р•СЂРµРІР°РЅ','ARM','2018-07-31 13:50:42','2020-06-03 18:39:52'),(110,59,1,'Р”РѕСЃС‚Р°РІРєР° РєСѓСЂСЊРµСЂРѕРј',NULL,'96991 Jones Rapid Apt. 588','Р‘РёС€РєРµРє','KGZ','2015-02-27 01:09:34','2020-06-03 18:39:59'),(111,87,5,'Р”РѕСЃС‚Р°РІРєР° РєСѓСЂСЊРµСЂРѕРј',12,'5463 Annie Curve','РњРёРЅСЃРє','BLR','2014-01-28 09:49:57','2020-06-03 18:39:56'),(112,70,1,'РЎР°РјРѕРІС‹РІРѕР·',10,'1556 Schmitt Radial Apt. 377','Р•СЂРµРІР°РЅ','ARM','2014-01-15 07:45:29','2020-06-03 18:39:52'),(113,84,1,'РЎР°РјРѕРІС‹РІРѕР·',NULL,'91716 Hans Mountain Suite 723','Р–СѓРєРѕРІСЃРєРёР№','RUS','2014-12-28 11:20:26','2020-06-03 18:34:33'),(114,65,2,'РЎР°РјРѕРІС‹РІРѕР·',NULL,'6932 Shaina Parks','Р•СЂРµРІР°РЅ','ARM','2019-02-23 18:11:06','2020-06-03 18:39:52'),(115,25,3,'Р”РѕСЃС‚Р°РІРєР° РєСѓСЂСЊРµСЂРѕРј',16,'374 Hipolito Squares','РђР»РјР°С‚С‹','KAZ','2019-04-27 02:27:50','2020-06-03 18:36:43'),(116,38,2,'Р”РѕСЃС‚Р°РІРєР° РєСѓСЂСЊРµСЂРѕРј',50,'9226 Purdy Extension Suite 546','РњС‹С‚РёС‰Рё','RUS','2011-09-03 18:24:12','2020-06-03 18:34:33'),(117,48,2,'РЎР°РјРѕРІС‹РІРѕР·',NULL,'23081 Sanford Loaf','РџРѕРґРѕР»СЊСЃРє','RUS','2012-11-28 22:25:04','2020-06-03 18:34:33'),(118,117,5,'Р”РѕСЃС‚Р°РІРєР° РєСѓСЂСЊРµСЂРѕРј',NULL,'52120 Juwan Road','РњРѕСЃРєРІР°','RUS','2012-03-25 06:45:50','2020-06-03 18:34:33'),(119,126,1,'РЎР°РјРѕРІС‹РІРѕР·',2,'506 Wuckert Parks Apt. 512','Р‘РёС€РєРµРє','KGZ','2014-05-19 06:35:49','2020-06-03 18:39:59'),(120,141,1,'РЎР°РјРѕРІС‹РІРѕР·',9,'19311 Gaylord Turnpike','Р‘РёС€РєРµРє','KGZ','2011-09-29 06:32:56','2020-06-03 18:39:59'),(121,39,3,'РЎР°РјРѕРІС‹РІРѕР·',NULL,'4994 Cory Station Suite 824','Р‘РёС€РєРµРє','KGZ','2018-04-10 20:21:01','2020-06-03 18:39:59'),(122,69,1,'РЎР°РјРѕРІС‹РІРѕР·',39,'698 Aditya Corners Suite 451','Р•СЂРµРІР°РЅ','ARM','2016-04-25 14:50:40','2020-06-03 18:39:52'),(123,63,1,'РЎР°РјРѕРІС‹РІРѕР·',19,'6429 Otha Hollow Apt. 713','РђСЃС‚Р°РЅР°','KAZ','2016-05-07 12:45:57','2020-06-03 18:36:43'),(124,112,3,'РЎР°РјРѕРІС‹РІРѕР·',25,'895 Stella Unions Suite 486','Р•СЂРµРІР°РЅ','ARM','2018-01-09 22:21:42','2020-06-03 18:39:52'),(125,51,5,'Р”РѕСЃС‚Р°РІРєР° РєСѓСЂСЊРµСЂРѕРј',NULL,'88919 Balistreri Plains','Р‘РёС€РєРµРє','KGZ','2011-06-15 07:44:40','2020-06-03 18:39:59'),(126,108,5,'РЎР°РјРѕРІС‹РІРѕР·',20,'80840 Hoppe Squares Suite 515','РњС‹С‚РёС‰Рё','RUS','2018-02-23 11:08:07','2020-06-03 18:34:33'),(127,88,4,'Р”РѕСЃС‚Р°РІРєР° РєСѓСЂСЊРµСЂРѕРј',NULL,'6803 Pablo Stream Apt. 934','Р•СЂРµРІР°РЅ','ARM','2013-08-21 22:19:20','2020-06-03 18:39:52'),(128,104,4,'Р”РѕСЃС‚Р°РІРєР° РєСѓСЂСЊРµСЂРѕРј',NULL,'20819 Spinka Land Suite 357','Р‘РёС€РєРµРє','KGZ','2016-09-03 10:16:18','2020-06-03 18:39:59'),(129,119,2,'РЎР°РјРѕРІС‹РІРѕР·',23,'75513 Myrtie View Apt. 119','РњРёРЅСЃРє','BLR','2014-05-03 02:07:56','2020-06-03 18:39:56'),(130,116,5,'РЎР°РјРѕРІС‹РІРѕР·',4,'03064 Jay Vista Apt. 877','РњРёРЅСЃРє','BLR','2013-03-28 18:07:45','2020-06-03 18:39:56'),(131,88,2,'Р”РѕСЃС‚Р°РІРєР° РєСѓСЂСЊРµСЂРѕРј',NULL,'1998 Tad Plaza Suite 179','Р‘РёС€РєРµРє','KGZ','2017-07-30 20:54:47','2020-06-03 18:39:59'),(132,13,4,'Р”РѕСЃС‚Р°РІРєР° РєСѓСЂСЊРµСЂРѕРј',NULL,'3390 Pinkie Corner Suite 302','Р–СѓРєРѕРІСЃРєРёР№','RUS','2018-10-06 23:20:24','2020-06-03 18:34:33'),(133,51,1,'Р”РѕСЃС‚Р°РІРєР° РєСѓСЂСЊРµСЂРѕРј',NULL,'75958 Boehm Causeway','Р•СЂРµРІР°РЅ','ARM','2019-08-11 04:31:09','2020-06-03 18:39:52'),(134,98,2,'Р”РѕСЃС‚Р°РІРєР° РєСѓСЂСЊРµСЂРѕРј',NULL,'49096 Rowe Views Suite 375','РђСЃС‚Р°РЅР°','KAZ','2015-10-15 00:38:09','2020-06-03 18:36:43'),(135,56,2,'Р”РѕСЃС‚Р°РІРєР° РєСѓСЂСЊРµСЂРѕРј',50,'54867 Dave Pine','РђСЃС‚Р°РЅР°','KAZ','2016-03-17 09:05:03','2020-06-03 18:36:43'),(136,23,1,'РЎР°РјРѕРІС‹РІРѕР·',NULL,'1587 Joany Mount','РђСЃС‚Р°РЅР°','KAZ','2011-09-22 08:14:02','2020-06-03 18:36:43'),(137,84,4,'Р”РѕСЃС‚Р°РІРєР° РєСѓСЂСЊРµСЂРѕРј',NULL,'3907 Cruickshank Summit Suite 286','Р•СЂРµРІР°РЅ','ARM','2012-07-02 09:51:59','2020-06-03 18:39:52'),(138,28,5,'РЎР°РјРѕРІС‹РІРѕР·',37,'30237 Charlotte Ferry','РњРѕСЃРєРІР°','RUS','2012-03-09 07:04:46','2020-06-03 18:34:33'),(139,70,1,'Р”РѕСЃС‚Р°РІРєР° РєСѓСЂСЊРµСЂРѕРј',NULL,'263 Jannie Loop','Р•СЂРµРІР°РЅ','ARM','2017-03-21 02:57:28','2020-06-03 18:39:52'),(140,32,2,'Р”РѕСЃС‚Р°РІРєР° РєСѓСЂСЊРµСЂРѕРј',NULL,'448 Arno Bypass','РњРѕСЃРєРІР°','RUS','2017-10-12 16:33:18','2020-06-03 18:34:33'),(141,126,1,'РЎР°РјРѕРІС‹РІРѕР·',NULL,'5163 Wisozk Ford Apt. 363','Р‘РёС€РєРµРє','KGZ','2013-01-26 09:39:41','2020-06-03 18:39:59'),(142,140,5,'РЎР°РјРѕРІС‹РІРѕР·',34,'2941 Cecelia Estates Suite 049','Р‘РёС€РєРµРє','KGZ','2011-10-25 17:54:29','2020-06-03 18:39:59'),(143,32,1,'Р”РѕСЃС‚Р°РІРєР° РєСѓСЂСЊРµСЂРѕРј',NULL,'028 Cassin Corner','Р‘РёС€РєРµРє','KGZ','2011-07-15 21:50:27','2020-06-03 18:39:59'),(144,84,1,'Р”РѕСЃС‚Р°РІРєР° РєСѓСЂСЊРµСЂРѕРј',NULL,'444 Bosco Path Suite 600','РђР»РјР°С‚С‹','KAZ','2018-08-09 06:40:31','2020-06-03 18:36:43'),(145,104,4,'РЎР°РјРѕРІС‹РІРѕР·',11,'38317 Derek Ranch','Р•СЂРµРІР°РЅ','ARM','2016-02-20 10:48:01','2020-06-03 18:39:52'),(146,21,3,'РЎР°РјРѕРІС‹РІРѕР·',3,'3123 Shields Gateway','РђСЃС‚Р°РЅР°','KAZ','2018-01-14 23:29:52','2020-06-03 18:36:43'),(147,50,2,'Р”РѕСЃС‚Р°РІРєР° РєСѓСЂСЊРµСЂРѕРј',32,'320 Ellie Mills Suite 380','Р‘РёС€РєРµРє','KGZ','2018-01-14 19:34:27','2020-06-03 18:39:59'),(148,4,4,'Р”РѕСЃС‚Р°РІРєР° РєСѓСЂСЊРµСЂРѕРј',NULL,'18418 Vincenza Track','РљСЂР°СЃРЅРѕРґР°СЂ','RUS','2013-07-21 08:12:24','2020-06-03 18:34:33'),(149,78,2,'РЎР°РјРѕРІС‹РІРѕР·',49,'73881 Vilma Cape','РђСЃС‚Р°РЅР°','KAZ','2018-05-19 19:16:46','2020-06-03 18:36:43'),(150,95,4,'Р”РѕСЃС‚Р°РІРєР° РєСѓСЂСЊРµСЂРѕРј',NULL,'7837 Wade Spur','РљСЂР°СЃРЅРѕРґР°СЂ','RUS','2012-09-15 06:54:40','2020-06-03 18:34:33');
/*!40000 ALTER TABLE `orders` ENABLE KEYS */;
UNLOCK TABLES;

--
-- Table structure for table `orders_products`
--

DROP TABLE IF EXISTS `orders_products`;
/*!40101 SET @saved_cs_client     = @@character_set_client */;
/*!50503 SET character_set_client = utf8mb4 */;
CREATE TABLE `orders_products` (
  `id` bigint unsigned NOT NULL AUTO_INCREMENT,
  `order_id` int unsigned DEFAULT NULL,
  `product_id` int unsigned DEFAULT NULL,
  `total_quanity` int unsigned DEFAULT '1',
  `total_price` int unsigned DEFAULT NULL,
  `created_at` datetime DEFAULT CURRENT_TIMESTAMP,
  `update_at` datetime DEFAULT CURRENT_TIMESTAMP ON UPDATE CURRENT_TIMESTAMP,
  PRIMARY KEY (`id`),
  KEY `orders_products_product_id_fk` (`product_id`),
  KEY `orders_products_order_id_fk` (`order_id`),
  CONSTRAINT `orders_products_order_id_fk` FOREIGN KEY (`order_id`) REFERENCES `orders` (`id`) ON DELETE CASCADE,
  CONSTRAINT `orders_products_product_id_fk` FOREIGN KEY (`product_id`) REFERENCES `products` (`id`) ON DELETE CASCADE
) ENGINE=InnoDB AUTO_INCREMENT=151 DEFAULT CHARSET=utf8 COLLATE=utf8_unicode_ci;
/*!40101 SET character_set_client = @saved_cs_client */;

--
-- Dumping data for table `orders_products`
--

LOCK TABLES `orders_products` WRITE;
/*!40000 ALTER TABLE `orders_products` DISABLE KEYS */;
INSERT INTO `orders_products` VALUES (1,116,125,22,64301,'2012-12-13 13:22:22','2020-06-03 18:56:20'),(2,49,45,13,62312,'2013-11-22 16:27:34','2020-06-03 18:56:20'),(3,74,101,26,18555,'2013-11-07 23:00:28','2020-06-06 14:00:43'),(4,71,10,23,5740,'2020-01-12 06:11:03','2020-06-03 18:56:20'),(5,119,11,25,72937,'2013-09-24 23:27:05','2020-06-03 18:56:20'),(6,37,48,22,47365,'2019-02-08 11:39:29','2020-06-03 18:56:20'),(7,76,34,16,17914,'2012-09-13 22:55:27','2020-06-03 18:56:20'),(8,50,48,16,47374,'2014-03-15 17:25:39','2020-06-03 18:56:20'),(9,81,72,20,83031,'2016-02-20 15:30:57','2020-06-03 18:56:20'),(10,145,68,9,375604,'2016-12-31 12:16:15','2020-06-03 18:53:41'),(11,127,15,24,474330,'2017-10-07 04:20:07','2020-06-03 18:53:41'),(12,77,20,4,245417,'2020-03-01 08:44:28','2020-06-03 18:53:41'),(13,127,71,21,731406,'2015-09-08 13:57:07','2020-06-03 18:53:41'),(14,26,100,20,967632,'2011-01-30 05:35:35','2020-06-03 18:53:41'),(15,71,66,20,627733,'2012-02-27 15:24:55','2020-06-03 18:53:41'),(16,116,147,15,908207,'2017-06-10 09:35:10','2020-06-03 18:53:41'),(17,126,70,21,642602,'2019-06-28 23:40:20','2020-06-03 18:53:41'),(18,119,5,20,821733,'2014-07-24 09:27:39','2020-06-03 18:53:41'),(19,114,49,9,777702,'2010-06-20 00:05:17','2020-06-03 18:53:41'),(20,126,128,19,165457,'2010-12-03 14:56:32','2020-06-03 18:53:41'),(21,90,73,16,7383,'2014-11-30 08:16:04','2020-06-03 18:57:00'),(22,112,81,11,1637,'2015-04-08 09:08:10','2020-06-03 18:57:00'),(23,93,49,20,5936,'2011-10-13 08:16:42','2020-06-03 18:57:00'),(24,136,3,9,4671,'2013-08-20 04:53:41','2020-06-03 18:57:00'),(25,91,125,9,5445,'2016-11-24 03:43:23','2020-06-03 18:57:00'),(26,97,128,9,3115,'2016-12-28 11:01:04','2020-06-03 18:57:00'),(27,55,94,1,9141,'2019-07-01 09:45:41','2020-06-03 18:57:00'),(28,30,33,13,6260,'2013-09-19 20:27:35','2020-06-03 18:57:00'),(29,121,64,18,3776,'2013-09-17 14:15:43','2020-06-03 18:57:00'),(30,31,33,13,10001,'2018-01-11 09:39:30','2020-06-03 18:57:00'),(31,77,24,7,8579,'2015-05-07 04:36:14','2020-06-03 18:57:00'),(32,32,103,20,2793,'2018-02-10 16:50:22','2020-06-03 18:57:00'),(33,117,65,21,8126,'2014-11-23 22:54:36','2020-06-03 18:57:00'),(34,75,18,3,2153,'2018-04-01 12:28:01','2020-06-03 18:57:00'),(35,56,70,6,6289,'2019-05-05 21:20:57','2020-06-03 18:57:00'),(36,106,76,11,4884,'2016-10-06 22:43:31','2020-06-03 18:57:00'),(37,53,31,25,5455,'2017-10-09 19:17:58','2020-06-03 18:57:00'),(38,66,57,14,2523,'2014-07-25 15:46:07','2020-06-03 18:57:00'),(39,102,55,20,6151,'2020-05-05 18:20:13','2020-06-03 18:57:00'),(40,115,54,13,361288,'2017-04-15 17:43:20','2020-06-03 18:53:41'),(41,53,100,7,367069,'2013-06-11 06:17:10','2020-06-03 18:53:41'),(42,3,150,24,614425,'2013-11-26 05:13:28','2020-06-03 18:53:41'),(43,47,107,16,989360,'2015-04-17 02:35:35','2020-06-03 18:53:41'),(44,11,59,19,556214,'2012-12-10 05:39:12','2020-06-03 18:53:41'),(45,82,5,14,617176,'2010-12-04 00:46:57','2020-06-03 18:53:41'),(46,69,65,20,611925,'2013-07-10 13:06:35','2020-06-03 18:53:41'),(47,108,114,16,873265,'2019-05-04 21:44:19','2020-06-03 18:53:41'),(48,72,117,12,938128,'2012-03-25 06:12:53','2020-06-03 18:53:41'),(49,49,123,3,17440,'2011-11-24 07:59:05','2020-06-03 18:53:41'),(50,122,1,15,967694,'2016-10-03 09:40:57','2020-06-03 18:53:41'),(51,7,49,13,480379,'2016-01-24 22:59:10','2020-06-03 18:53:41'),(52,140,30,5,360692,'2016-07-09 23:31:52','2020-06-03 18:53:41'),(53,36,16,21,780870,'2017-03-04 11:36:09','2020-06-03 18:53:41'),(54,67,132,2,596307,'2019-06-04 11:07:57','2020-06-03 18:53:41'),(55,128,69,19,256713,'2017-02-07 07:21:11','2020-06-03 18:53:41'),(56,17,119,16,725754,'2016-05-29 13:03:56','2020-06-03 18:53:41'),(57,116,100,1,113892,'2015-04-27 06:57:17','2020-06-03 18:53:41'),(58,76,26,9,252951,'2018-01-15 13:36:07','2020-06-03 18:53:41'),(59,31,38,17,511141,'2016-05-23 21:33:27','2020-06-03 18:53:41'),(60,90,67,11,806269,'2016-01-22 10:58:59','2020-06-03 18:53:41'),(61,113,51,11,121912,'2019-10-14 05:40:05','2020-06-03 18:53:41'),(62,50,45,12,482192,'2014-10-11 04:48:54','2020-06-03 18:53:41'),(63,149,78,16,490824,'2018-09-07 10:57:24','2020-06-03 18:53:41'),(64,95,101,12,269290,'2019-06-10 05:53:41','2020-06-03 18:53:41'),(65,148,16,15,583833,'2012-05-19 00:06:44','2020-06-03 18:53:41'),(66,27,22,5,416213,'2014-04-14 16:43:39','2020-06-03 18:53:41'),(67,87,97,12,444480,'2014-10-26 05:35:52','2020-06-03 18:53:41'),(68,121,101,24,717308,'2010-09-29 04:50:05','2020-06-03 18:53:41'),(69,113,91,20,7771,'2014-10-05 06:25:49','2020-06-03 18:53:41'),(70,113,108,9,537455,'2016-02-29 00:16:53','2020-06-03 18:53:41'),(71,102,115,20,691686,'2017-04-12 15:02:49','2020-06-03 18:53:41'),(72,10,39,3,688408,'2012-11-13 20:05:04','2020-06-03 18:53:41'),(73,25,113,7,71274,'2017-05-31 08:29:55','2020-06-03 18:53:41'),(74,85,90,8,660095,'2014-01-26 00:05:06','2020-06-03 18:53:41'),(75,66,29,16,613513,'2014-09-17 13:42:27','2020-06-03 18:53:41'),(76,25,146,10,941319,'2011-09-20 10:51:02','2020-06-03 18:53:41'),(77,89,21,23,151784,'2019-06-27 16:20:00','2020-06-03 18:53:41'),(78,3,96,4,789050,'2012-07-07 06:14:42','2020-06-03 18:53:41'),(79,78,35,16,323568,'2016-02-26 12:59:03','2020-06-03 18:53:41'),(80,121,8,21,44897,'2012-02-21 22:46:14','2020-06-03 18:53:41'),(81,106,60,22,67837,'2014-01-05 20:27:11','2020-06-03 18:55:58'),(82,32,82,3,92444,'2018-09-06 03:15:48','2020-06-03 18:55:58'),(83,105,18,13,58609,'2018-07-01 12:13:14','2020-06-03 18:55:58'),(84,39,123,9,15615,'2013-02-19 02:48:08','2020-06-03 18:55:58'),(85,124,95,18,2149,'2014-08-05 07:02:56','2020-06-03 18:55:58'),(86,119,33,18,63798,'2018-11-20 11:58:28','2020-06-03 18:55:58'),(87,71,90,15,12445,'2012-08-16 04:10:58','2020-06-03 18:55:58'),(88,62,150,19,70729,'2015-03-30 21:00:40','2020-06-03 18:55:58'),(89,68,6,21,16214,'2010-10-04 13:03:53','2020-06-03 18:55:58'),(90,88,135,19,68782,'2014-01-27 03:42:58','2020-06-03 18:55:58'),(91,71,87,12,95168,'2012-10-19 07:39:44','2020-06-03 18:55:58'),(92,76,117,10,69396,'2011-02-04 15:19:05','2020-06-03 18:55:58'),(93,121,35,20,61378,'2017-12-12 22:56:53','2020-06-03 18:55:58'),(94,36,131,16,98599,'2013-02-21 06:07:27','2020-06-03 18:55:58'),(95,150,37,6,8762,'2013-11-14 05:45:20','2020-06-03 18:55:58'),(96,7,31,23,47914,'2012-01-28 07:10:23','2020-06-03 18:55:58'),(97,89,57,3,13183,'2019-01-19 16:43:57','2020-06-03 18:55:58'),(98,142,52,22,22076,'2011-07-26 11:37:23','2020-06-03 18:55:58'),(99,33,145,5,70730,'2012-02-16 06:05:00','2020-06-03 18:55:58'),(100,59,1,21,87324,'2013-10-05 03:10:57','2020-06-03 18:55:58'),(101,45,1,4,24331,'2011-05-31 22:31:30','2020-06-03 18:55:58'),(102,95,54,23,59583,'2010-10-06 23:40:59','2020-06-03 18:55:58'),(103,43,36,9,24821,'2019-03-18 23:50:36','2020-06-03 18:55:58'),(104,14,55,14,45259,'2014-04-29 06:13:39','2020-06-03 18:55:58'),(105,111,98,1,51733,'2015-02-22 07:46:31','2020-06-03 18:55:58'),(106,15,116,14,22787,'2016-10-13 09:43:50','2020-06-03 18:55:58'),(107,54,92,25,58637,'2011-11-25 12:56:41','2020-06-03 18:55:58'),(108,15,73,4,24725,'2016-11-24 08:00:12','2020-06-03 18:55:58'),(109,107,131,6,47612,'2018-07-04 12:35:42','2020-06-03 18:55:58'),(110,19,136,4,63787,'2019-12-13 02:26:12','2020-06-03 18:55:58'),(111,130,19,1,76001,'2011-07-12 17:07:39','2020-06-03 18:55:58'),(112,130,143,4,88543,'2015-09-25 17:23:20','2020-06-03 18:55:58'),(113,8,81,14,14615,'2012-10-18 16:43:08','2020-06-03 18:55:58'),(114,143,58,3,7343,'2011-11-01 16:21:57','2020-06-03 18:55:58'),(115,17,111,9,92772,'2014-06-14 10:52:22','2020-06-03 18:55:58'),(116,111,149,19,41733,'2019-08-31 19:33:18','2020-06-03 18:55:58'),(117,75,37,19,30246,'2013-12-27 15:09:56','2020-06-03 18:55:58'),(118,39,97,12,25935,'2017-11-04 16:57:50','2020-06-03 18:55:58'),(119,16,98,24,38836,'2014-02-28 21:53:23','2020-06-03 18:55:58'),(120,3,115,20,16276,'2013-12-16 06:03:47','2020-06-03 18:55:58'),(121,127,46,25,64772,'2012-05-17 02:57:32','2020-06-03 18:55:58'),(122,2,11,9,74933,'2011-03-18 14:31:08','2020-06-03 18:55:58'),(123,24,75,1,80247,'2017-06-20 08:33:20','2020-06-03 18:55:58'),(124,2,29,24,76340,'2013-02-23 00:06:34','2020-06-03 18:55:58'),(125,122,103,25,40857,'2016-06-13 23:21:11','2020-06-03 18:55:58'),(126,54,29,23,75167,'2011-07-01 17:35:35','2020-06-03 18:55:58'),(127,104,126,4,53165,'2016-01-15 16:30:48','2020-06-03 18:55:58'),(128,14,29,17,40226,'2012-08-18 15:36:06','2020-06-03 18:55:58'),(129,132,8,16,41532,'2014-03-01 21:04:57','2020-06-03 18:55:58'),(130,27,124,15,86884,'2012-09-04 10:54:52','2020-06-03 18:55:58'),(131,87,75,19,9726,'2012-04-18 16:02:41','2020-06-03 18:55:58'),(132,118,47,5,87877,'2013-11-12 18:34:28','2020-06-03 18:55:58'),(133,98,16,15,10108,'2010-12-03 22:09:33','2020-06-03 18:55:58'),(134,21,144,10,86809,'2012-01-19 11:00:56','2020-06-03 18:55:58'),(135,144,111,21,3622,'2015-05-27 06:59:48','2020-06-03 18:55:58'),(136,107,11,6,57585,'2011-03-08 19:24:18','2020-06-03 18:55:58'),(137,140,131,15,76960,'2018-03-08 11:27:33','2020-06-03 18:55:58'),(138,101,76,13,11946,'2018-09-21 21:02:51','2020-06-03 18:55:58'),(139,111,77,9,28748,'2013-10-01 04:33:00','2020-06-03 18:55:58'),(140,14,114,13,7802,'2010-12-13 17:31:06','2020-06-03 18:55:58'),(141,122,39,22,52666,'2017-08-09 02:04:05','2020-06-03 18:55:58'),(142,14,129,1,39827,'2011-01-04 01:51:09','2020-06-03 18:55:58'),(143,34,115,4,41035,'2016-02-24 00:34:55','2020-06-03 18:55:58'),(144,142,41,14,85595,'2015-04-04 10:32:28','2020-06-03 18:55:58'),(145,91,74,16,4772,'2012-02-11 15:49:27','2020-06-03 18:55:58'),(146,109,66,1,66973,'2018-06-17 23:23:54','2020-06-03 18:55:58'),(147,115,79,9,20449,'2018-03-06 07:33:18','2020-06-03 18:55:58'),(148,49,67,7,1229,'2012-02-28 18:12:45','2020-06-03 18:55:58'),(149,126,66,17,44697,'2016-12-15 11:01:00','2020-06-03 18:55:58'),(150,141,113,24,19698,'2011-08-15 17:54:17','2020-06-03 18:55:58');
/*!40000 ALTER TABLE `orders_products` ENABLE KEYS */;
UNLOCK TABLES;

--
-- Table structure for table `products`
--

DROP TABLE IF EXISTS `products`;
/*!40101 SET @saved_cs_client     = @@character_set_client */;
/*!50503 SET character_set_client = utf8mb4 */;
CREATE TABLE `products` (
  `id` int unsigned NOT NULL AUTO_INCREMENT,
  `name` varchar(150) CHARACTER SET utf8 COLLATE utf8_unicode_ci DEFAULT NULL,
  `description` text CHARACTER SET utf8 COLLATE utf8_unicode_ci,
  `price` decimal(11,2) DEFAULT NULL,
  `catalog_id` int unsigned NOT NULL,
  `category_id` int unsigned NOT NULL,
  `media_id` int unsigned DEFAULT NULL,
  `manufacture_id` int unsigned DEFAULT NULL,
  `created_at` datetime DEFAULT CURRENT_TIMESTAMP,
  `update_at` datetime DEFAULT CURRENT_TIMESTAMP ON UPDATE CURRENT_TIMESTAMP,
  PRIMARY KEY (`id`),
  KEY `index_of_media_id` (`media_id`),
  KEY `index_of_manufacture_id` (`manufacture_id`),
  KEY `products_catalog_id_fk` (`catalog_id`),
  KEY `products_category_id_fk` (`category_id`),
  KEY `products_name_price_idx` (`price`,`name`),
  CONSTRAINT `products_catalog_id_fk` FOREIGN KEY (`catalog_id`) REFERENCES `catalogs` (`id`) ON DELETE RESTRICT,
  CONSTRAINT `products_category_id_fk` FOREIGN KEY (`category_id`) REFERENCES `categories` (`id`) ON DELETE RESTRICT,
  CONSTRAINT `products_manufacture_id_fk` FOREIGN KEY (`manufacture_id`) REFERENCES `manufacturer` (`id`) ON DELETE SET NULL,
  CONSTRAINT `products_media_id_fk` FOREIGN KEY (`media_id`) REFERENCES `media` (`id`) ON DELETE SET NULL
) ENGINE=InnoDB AUTO_INCREMENT=153 DEFAULT CHARSET=utf8 COLLATE=utf8_unicode_ci;
/*!40101 SET character_set_client = @saved_cs_client */;

--
-- Dumping data for table `products`
--

LOCK TABLES `products` WRITE;
/*!40000 ALTER TABLE `products` DISABLE KEYS */;
INSERT INTO `products` VALUES (1,'porro','Est aut ea at qui commodi sed. Tempora est vero nisi quo aspernatur. Impedit voluptates dolor excepturi.',16242.13,4,12,21,42,'2016-10-29 12:13:53','2020-06-02 15:53:55'),(2,'vel','Rem facere nesciunt delectus aut neque aperiam amet a. Perferendis esse nobis sit dolores. Laborum corporis consequatur ullam id. Neque delectus quod ut nisi eligendi ut.',29900.86,4,4,39,44,'2016-05-10 05:10:08','2020-06-02 15:53:55'),(3,'soluta','Consequatur reprehenderit necessitatibus pariatur qui rerum natus minima. Harum rerum optio qui consequatur. Aut vel vero alias rerum voluptatem sapiente dolor.',16938.16,2,6,60,22,'2013-07-01 17:29:15','2020-06-02 15:53:55'),(4,'eum','Aut dignissimos totam porro inventore. Voluptatem mollitia incidunt facilis illo dolor corrupti et. Doloribus placeat voluptatem voluptatem consequatur maxime consequatur facilis placeat.',17884.16,2,24,51,42,'2011-10-03 08:32:32','2020-06-02 15:53:55'),(5,'enim','Qui quia qui et voluptatem repellat quia. Aut excepturi qui accusamus assumenda iusto reiciendis voluptates.',3157.98,8,12,59,35,'2018-08-10 00:56:55','2020-06-02 15:53:55'),(6,'saepe','Distinctio nemo reiciendis ducimus voluptatem amet sint omnis. Natus saepe dicta aut. Magnam aut vel ipsa aspernatur nemo earum deserunt error. Cumque qui deleniti saepe nemo enim rerum quia.',12173.91,6,12,14,23,'2019-06-07 21:14:52','2020-06-02 15:53:55'),(7,'adipisci','Expedita praesentium ipsam minima. Reprehenderit et autem laborum dolor enim voluptas dignissimos. Et illum aliquid et doloremque dolore. Tempore ab cum harum cum.',29133.91,1,6,1,30,'2012-05-25 07:26:17','2020-06-02 15:53:55'),(8,'laudantium','Voluptatibus et et ea praesentium asperiores saepe. Ut odit molestias sit ad corporis. Vel ea deserunt accusamus vel est rerum reiciendis et. Natus magnam voluptatem a ut.',24256.54,8,9,86,20,'2017-06-21 04:01:30','2020-06-02 15:53:55'),(9,'rerum','Porro dolorem magni ea accusamus id. Labore ad quo autem explicabo ut qui. Libero quibusdam ipsa dolor cumque.',18855.07,4,7,3,27,'2015-05-20 13:49:03','2020-06-02 15:53:55'),(10,'eum','Eos dolorem amet et dolorum dolor. Perspiciatis et odio ut similique. Ea magnam iste recusandae consequatur expedita. Totam rem praesentium vel dolores maiores impedit ex.',16889.55,7,12,96,25,'2018-02-28 15:34:22','2020-06-02 15:53:55'),(11,'ut','Cumque labore quod eveniet consequatur. Sed magnam iste ipsam officia quo beatae placeat.',20311.02,4,6,84,38,'2015-01-30 08:17:45','2020-06-02 15:53:55'),(12,'eum','Eos ut soluta rerum sint dolores suscipit nisi. Asperiores dolor aspernatur eaque dolorem omnis quis magnam. Cumque et aspernatur voluptatem tenetur odio inventore aut. Ratione sit officia est placeat aliquid.',24590.69,6,1,10,29,'2020-03-13 01:36:19','2020-06-02 15:53:55'),(13,'adipisci','Qui sint quia dolores perferendis at beatae delectus. Qui possimus necessitatibus et et ad dolores est molestiae. Aut hic nisi sed ipsum minus nihil.',15688.66,5,2,79,57,'2014-12-21 18:19:40','2020-06-02 15:53:55'),(14,'error','Omnis nisi debitis delectus quidem. Libero molestiae molestias debitis. Eius molestiae et provident. Vel quos tempore dolore aut necessitatibus.',5236.25,7,6,96,4,'2018-12-25 09:57:24','2020-06-02 15:53:55'),(15,'dolorem','Nihil iste a magni. Sit porro aperiam id aliquid nobis aut mollitia. Sed aut ut quaerat nisi. Et ipsum consectetur omnis quasi ut earum.',11130.71,6,11,12,20,'2020-02-05 06:51:01','2020-06-02 15:53:55'),(16,'quibusdam','Quod similique ab placeat et. Provident est voluptas natus earum provident dolores. Et soluta aliquid quos et. Illo aut est sint et quia nisi.',25395.72,5,1,53,49,'2019-05-03 10:15:01','2020-06-02 15:53:55'),(17,'id','Id molestias voluptatum totam qui assumenda voluptate. Esse quo itaque placeat quis eum debitis quam. Ab quia dolores ut ullam quod sunt dolorum. Aspernatur minima nobis ipsam est facere.',13929.45,4,2,82,74,'2019-07-20 10:08:36','2020-06-02 15:53:55'),(18,'quidem','Sed at neque qui sint aperiam culpa. Autem labore eaque voluptate cumque accusamus nihil blanditiis nam. Nostrum facere facere quia quas et maiores molestiae. Doloremque tempora sit exercitationem ad et aut.',4784.31,1,16,20,80,'2010-07-06 04:17:43','2020-06-02 15:53:55'),(19,'officiis','Recusandae itaque sunt tempore sint. Quia libero sunt vitae sunt. Consequatur repudiandae praesentium sunt quaerat maiores aliquam ut. Rerum inventore enim commodi veniam alias.',12007.95,1,22,36,12,'2011-01-01 04:44:45','2020-06-02 15:53:55'),(20,'dolores','Minima laboriosam eius accusamus aut. Assumenda ut qui nihil ea accusantium dolores. Adipisci quibusdam eos harum praesentium dolorum deleniti.',19134.74,7,22,24,36,'2013-09-18 11:52:25','2020-06-02 15:53:55'),(21,'voluptas','Velit cupiditate doloremque consectetur non libero et repellat ut. Consequuntur aperiam ullam nemo at pariatur quia ab. Praesentium ad voluptas odit velit laborum.',15818.80,3,23,77,1,'2017-07-15 17:10:05','2020-06-02 15:53:55'),(22,'sint','Qui at earum distinctio natus incidunt maxime. Vel ipsa adipisci aut quia alias sit. Consequatur recusandae et libero voluptatibus aliquam neque nulla.',22984.48,7,17,6,18,'2011-07-11 03:47:04','2020-06-02 15:53:55'),(23,'est','Recusandae molestias et voluptates non quaerat architecto voluptatem ab. Voluptatem ipsam ex fugit quam nulla quisquam. Unde quo provident assumenda quasi nulla soluta delectus assumenda. Aut ab nesciunt voluptates hic minus nesciunt quaerat.',28145.29,1,8,42,14,'2019-12-14 22:57:25','2020-06-02 15:53:55'),(24,'quia','Sit voluptas ut iure sit temporibus mollitia. Necessitatibus vel saepe velit sequi ab sit. Accusantium autem voluptas officia unde ipsam maiores ea voluptate.',19080.88,6,9,90,30,'2012-03-29 00:06:22','2020-06-02 15:53:55'),(25,'excepturi','Aspernatur praesentium rerum laudantium placeat minima odio est. Et esse quo voluptatibus. Non totam aut quia commodi. Aut architecto molestias suscipit.',4991.28,6,2,23,73,'2017-10-09 17:04:27','2020-06-02 15:53:55'),(26,'vel','Nulla dolor molestias doloribus itaque. Consequatur nisi dolorem impedit adipisci omnis optio. Adipisci placeat error mollitia.',25478.57,5,3,95,34,'2019-02-14 05:43:06','2020-06-02 15:53:55'),(27,'nemo','Sapiente perferendis vel ut nihil dicta. Nesciunt nemo fugit distinctio ut omnis quis id.',8015.25,1,13,44,49,'2020-03-30 05:25:33','2020-06-02 15:53:55'),(28,'eveniet','Qui et culpa non. Omnis cupiditate quia iusto eaque omnis ullam. Asperiores molestias voluptates voluptas dolorem esse. Perferendis id ipsum rerum voluptates dicta odit.',21195.96,6,12,31,2,'2011-11-13 20:51:38','2020-06-02 15:53:55'),(29,'consequatur','Alias dolorem aliquid molestiae porro id. Nihil reprehenderit vel eos suscipit ab doloremque. Voluptatem fugit ut explicabo est. Eum quis et et voluptatem nulla quidem earum ab.',6342.39,8,8,59,79,'2014-07-12 00:58:02','2020-06-02 15:53:55'),(30,'est','Ut sunt in laboriosam eveniet perspiciatis. Praesentium suscipit rerum esse et non. Voluptas ut nam dicta est et. Ut voluptatem quas explicabo sit culpa velit earum.',4412.42,7,14,41,29,'2016-07-30 19:14:26','2020-06-02 15:53:55'),(31,'qui','Et animi commodi nihil neque assumenda molestiae sed placeat. Alias quia enim sed.',17126.22,7,4,49,77,'2014-07-18 10:41:52','2020-06-02 15:53:55'),(32,'et','Sit molestiae sunt magni eum in. Qui aut sequi at quo ab et placeat. Est quidem ut assumenda. Dolore voluptatem ipsum ea repellendus aut.',8959.42,6,7,51,53,'2015-02-03 14:08:16','2020-06-02 15:53:55'),(33,'impedit','Facere dolores optio eum iste harum placeat. Animi fugiat dolorem sit facere. Aut quae architecto autem sunt cum labore quia vel.',23471.36,8,9,100,71,'2015-07-29 16:26:44','2020-06-02 15:53:55'),(34,'in','Commodi quo facere beatae vero a. Fuga et odio possimus porro repellat eveniet facilis. Qui sed impedit nesciunt qui tenetur et. Non quo minus et sit aut et.',13122.38,5,9,16,57,'2013-11-16 11:32:27','2020-06-02 15:53:55'),(35,'voluptas','Ipsa tempore assumenda qui deleniti aspernatur et aut. In ipsa quia in et. Nemo qui corrupti est cumque.',1968.16,2,22,82,31,'2013-09-05 16:21:53','2020-06-02 15:53:55'),(36,'sapiente','Impedit nam dolores hic omnis nisi atque. Quos odio rem ut consequatur delectus tenetur. Dolor atque temporibus consectetur id. Ex harum dolorum quas at consequatur quia.',14292.17,2,18,100,60,'2016-12-26 06:04:06','2020-06-02 15:53:55'),(37,'itaque','A qui a recusandae quo dolorem. Doloremque non nihil placeat modi assumenda. Vero saepe nihil officiis.',22687.40,5,11,56,38,'2012-08-01 10:32:34','2020-06-02 15:53:55'),(38,'fugit','In itaque assumenda rem eum est vitae dolor. Dignissimos nihil dignissimos enim accusantium. Omnis vel explicabo sequi expedita in sit eveniet iure. Beatae delectus voluptas tenetur corporis qui.',20917.65,1,6,2,28,'2013-08-01 21:10:40','2020-06-02 15:53:55'),(39,'laboriosam','Ad porro aut molestiae et. Necessitatibus voluptatibus sed est et ratione consequatur voluptatem. Assumenda velit sint voluptatibus minus a esse. Quasi velit quas et qui aut.',20499.85,4,21,10,77,'2014-04-13 02:30:03','2020-06-02 15:53:55'),(40,'quod','Libero dolores est ratione aut qui fugit. Deleniti et velit sed provident molestias. Voluptatum praesentium dolorum voluptatum enim consequatur consequatur.',14285.13,5,4,21,47,'2014-04-23 00:31:18','2020-06-02 15:53:55'),(41,'ducimus','Modi esse cupiditate deserunt officia sint minus consectetur. Ea assumenda et repellendus voluptate. Delectus reiciendis ut voluptate vel vel. Repellat recusandae at quisquam vel.',9102.39,7,22,20,23,'2018-02-05 02:45:29','2020-06-02 15:53:55'),(42,'ut','Nulla totam dolor qui laborum autem et expedita. Suscipit provident at molestias voluptatem voluptate quibusdam. Consequuntur quas placeat distinctio delectus soluta ratione. Impedit perferendis aut est dignissimos assumenda blanditiis exercitationem.',24734.46,3,23,79,12,'2017-06-04 13:02:56','2020-06-02 15:53:55'),(43,'dolorem','Laborum et pariatur porro omnis possimus. Corrupti magni quibusdam error natus minus exercitationem ratione. Ducimus odit libero ea. Numquam ad voluptatem esse exercitationem.',11450.74,4,5,58,22,'2019-11-05 17:50:39','2020-06-02 15:53:55'),(44,'eaque','Natus cupiditate tenetur dolores qui officia qui ratione et. Eaque sit officia laboriosam est occaecati enim vitae. Praesentium est corporis sed aut nisi minus enim.',19367.38,4,3,38,42,'2017-05-09 18:39:27','2020-06-02 15:53:55'),(45,'ipsum','Reiciendis distinctio iure voluptates error quisquam provident. Quis vitae autem aut nesciunt. Porro accusantium aut incidunt tempore voluptatem sunt nesciunt.',14359.62,7,17,98,66,'2012-07-01 02:40:27','2020-06-02 15:53:55'),(46,'laudantium','Consequatur animi non modi animi. Et repudiandae nihil repellat id aut porro. Sit atque aperiam aut eum eos facilis. Consequuntur odit labore facilis occaecati repellat repellendus. Nesciunt consequuntur consequuntur alias atque.',4164.17,3,21,46,61,'2012-10-12 09:23:33','2020-06-02 15:53:55'),(47,'labore','Illum voluptas adipisci est repellat dolorem aliquam numquam et. Voluptatem ea quia illo. Temporibus est nam repudiandae quibusdam omnis doloremque distinctio accusamus. Enim qui dolorum ab voluptatum ut beatae.',12761.47,7,24,29,41,'2010-10-27 09:25:43','2020-06-02 15:53:55'),(48,'ipsam','Rem vel voluptas quia qui cum impedit dignissimos. Sunt sunt et id impedit qui. Reiciendis quam unde et tempore optio.',21281.46,1,23,69,49,'2014-08-29 05:33:04','2020-06-02 15:53:55'),(49,'molestias','Voluptatem nostrum quam consectetur ut non. Animi corporis quos qui laboriosam a et. Quisquam harum accusamus vel beatae non occaecati maxime.',29119.35,1,6,9,58,'2011-10-29 21:06:52','2020-06-02 15:53:55'),(50,'nam','Molestiae quis voluptatum molestiae quas ipsa. Maiores reprehenderit nostrum aperiam expedita excepturi aut aperiam quas. Aperiam in eum provident enim. Blanditiis accusamus id error amet iure.',9645.72,4,9,40,74,'2011-03-21 23:17:16','2020-06-02 15:53:55'),(51,'impedit','Est accusantium et quia tempore perferendis porro asperiores eum. Esse quis dolorem dolorum et reprehenderit error et.',11440.08,2,16,84,14,'2018-03-16 03:56:59','2020-06-02 15:53:55'),(52,'quae','Esse ea nesciunt illum vel harum. Quos deleniti quas voluptate mollitia aut. Reprehenderit ut quia sit laudantium sit illo aliquam. Voluptas numquam at ut eius reprehenderit voluptates.',10202.01,2,24,31,46,'2013-07-06 22:26:32','2020-06-02 15:53:55'),(53,'voluptatibus','Doloribus iste ea voluptatum ut qui. Corporis odit autem ducimus et error. Reprehenderit nam in corrupti. Aut asperiores expedita dolorem sunt dignissimos doloremque necessitatibus error.',28029.77,8,1,28,22,'2016-07-20 17:26:56','2020-06-02 15:53:55'),(54,'eius','Autem at adipisci repellendus et. Eos dolorum sapiente eos et veritatis nemo minima. Ut quos ea voluptate et et sed quas. Adipisci illum cupiditate et quis magni quod quasi.',14820.63,6,23,57,6,'2014-07-21 20:20:53','2020-06-02 15:53:55'),(55,'et','Architecto rerum quis officia laborum id. Sapiente quia sint non. Molestias rerum aut eaque eveniet.',19194.98,8,2,30,26,'2014-07-02 10:08:59','2020-06-02 15:53:55'),(56,'dolorem','Vel deserunt ipsam ut autem. Necessitatibus recusandae qui cum enim. Cupiditate aut atque quam et velit autem assumenda.',21190.05,5,18,98,53,'2015-09-13 19:49:30','2020-06-02 15:53:55'),(57,'est','Qui facere quia qui. Necessitatibus expedita et doloribus repellendus. Facilis excepturi beatae aliquam mollitia officia dolorum voluptatem.',10944.31,7,4,27,69,'2020-05-29 03:58:47','2020-06-02 15:53:55'),(58,'voluptas','Voluptatem et nam consequatur rerum omnis. Et vel provident sed accusamus vel et. Qui sit consequatur sed laboriosam aspernatur vel ut.',13683.25,6,6,4,36,'2016-07-18 14:01:26','2020-06-02 15:53:55'),(59,'dolorem','In vel in eos non cum et labore. Repellat quibusdam aperiam et dolor voluptatem. Ut aut natus at ut architecto.',3328.51,2,20,42,50,'2012-05-27 07:00:16','2020-06-02 15:53:55'),(60,'exercitationem','Explicabo consequatur quia fuga cumque qui. Sed consequatur possimus enim nihil. Aut impedit et adipisci ea. Veritatis ex a hic ea.',24527.32,2,20,23,59,'2011-05-02 06:01:11','2020-06-02 15:53:55'),(61,'est','Qui maxime illum velit dignissimos maiores vero aut distinctio. Maxime at voluptas doloremque dolor. Ut adipisci tempora eos est magnam architecto. Corporis omnis exercitationem enim quia. Quidem laborum sit ut accusamus quaerat saepe.',28962.97,6,9,80,76,'2018-12-20 13:54:39','2020-06-02 15:53:55'),(62,'fuga','Illum dignissimos voluptatibus eum et in illum. Blanditiis molestiae delectus laborum. Soluta esse minima suscipit quidem accusamus ex. Vitae in dicta incidunt nihil modi adipisci aspernatur. Error saepe voluptatem nihil omnis nisi qui nam.',10250.69,7,8,91,50,'2012-12-08 04:02:42','2020-06-02 15:53:55'),(63,'porro','Quidem eveniet rem unde qui ab repudiandae. Minus modi placeat blanditiis velit molestiae aliquid voluptas. Iusto quos dolores impedit quia sapiente.',11772.55,1,8,30,43,'2018-06-08 13:02:08','2020-06-02 15:53:55'),(64,'illum','Illum ut sint voluptate accusantium blanditiis. Asperiores ut qui et est corrupti ratione voluptas. Facilis sit eius ipsum rem et. Hic magnam tempore omnis vel eaque et deleniti.',23596.80,3,7,31,60,'2018-03-10 03:22:29','2020-06-02 15:53:55'),(65,'tenetur','Ad autem dolor est molestiae. Pariatur hic provident aspernatur neque aspernatur id. Qui est eum totam qui. Qui ut officia quo numquam voluptatibus est.',24552.56,7,21,62,47,'2020-04-11 04:02:30','2020-06-02 15:53:55'),(66,'ut','Consequatur rerum unde illo dolorem aut sunt repudiandae in. Accusamus velit repellendus vitae officiis. Cupiditate quia ut sequi aut placeat aspernatur ducimus. Dolorum ducimus labore molestiae suscipit.',1006.36,4,2,3,75,'2012-09-19 13:24:56','2020-06-02 15:53:55'),(67,'illo','Similique rem veritatis commodi quisquam ipsam quos dolor. Libero consequuntur molestiae fugit illum et quia accusantium. Exercitationem et ullam debitis suscipit repellendus.',18113.93,2,6,55,2,'2016-03-24 13:39:52','2020-06-02 15:53:55'),(68,'sed','Quia error vel asperiores sed ducimus omnis. Ea velit minus explicabo eum soluta et qui sed. Nostrum optio esse modi dolores.',13504.59,2,16,69,38,'2019-05-23 12:13:30','2020-06-02 15:53:55'),(69,'ea','Assumenda qui nesciunt eum ab voluptatibus maxime. Voluptatem aut enim consequuntur non. Iste fugit id perferendis. Dolor enim dignissimos omnis voluptatum labore in repellat.',7580.24,7,15,44,26,'2016-08-12 20:10:45','2020-06-02 15:53:55'),(70,'culpa','Velit quisquam debitis harum necessitatibus necessitatibus et. Velit sit alias sunt id. Ut qui non officiis nihil quaerat nihil.',9242.30,5,24,18,73,'2018-12-02 09:28:19','2020-06-02 15:53:55'),(71,'voluptatum','Officia aut consequuntur placeat ea quidem et enim. Voluptas deserunt voluptas aliquid eum quaerat. Possimus itaque iure et magni.',394.12,3,18,51,33,'2017-06-04 22:07:00','2020-06-02 15:53:55'),(72,'accusantium','Consequuntur nihil cupiditate id sed ut. Inventore et sit similique autem. Cum odio veniam iste dolorem laboriosam est.',15444.31,3,5,97,17,'2013-10-25 03:00:01','2020-06-02 15:53:55'),(73,'dolorum','Laborum quibusdam exercitationem et est. Laudantium natus ut ea est dolor non. Temporibus quos est accusamus est.',4588.19,2,6,78,14,'2015-04-08 20:53:07','2020-06-02 15:53:55'),(74,'quaerat','Qui est sint dolor doloremque enim voluptatum. Est ducimus rerum deleniti earum distinctio odio labore. Aut sed ab at soluta dolorum odio ut. Ad provident expedita amet.',14618.59,8,7,54,67,'2012-08-02 20:31:01','2020-06-02 15:53:55'),(75,'sit','Perferendis molestias consequatur odio explicabo. Accusantium provident aperiam iure soluta. Dolores dolores officiis consequatur perferendis. Est atque ut fuga ducimus ut incidunt. Dolorum nihil et ut sed tempora perspiciatis.',17486.55,4,7,22,16,'2015-12-09 12:54:59','2020-06-02 15:53:55'),(76,'omnis','Officia assumenda sit quasi consequuntur perspiciatis eum dolorem adipisci. Nam eaque enim harum optio veniam sit laudantium aut. Maiores rerum sapiente quaerat aut libero et ut in.',10352.73,2,16,88,32,'2011-09-26 10:24:33','2020-06-02 15:53:55'),(77,'debitis','Cupiditate eum placeat doloribus recusandae ut. Eligendi est placeat eveniet omnis quis enim quia. Aut cum voluptas libero ipsa. Atque debitis ab sed praesentium et.',11040.44,6,3,68,80,'2019-07-09 02:03:20','2020-06-02 15:53:55'),(78,'ut','Enim esse qui ducimus. Perferendis provident doloribus sed in doloremque maxime aut. Consequatur unde totam sunt cupiditate molestiae neque voluptas.',28932.81,7,7,88,44,'2012-02-06 22:04:38','2020-06-02 15:53:55'),(79,'cumque','Omnis recusandae dolores eius temporibus. Odio quia fugiat sit earum. Vel corrupti ad molestiae distinctio et quia omnis.',3065.53,8,2,76,42,'2011-07-07 05:31:30','2020-06-02 15:53:55'),(80,'similique','Labore laudantium sed repudiandae omnis. Asperiores esse voluptate molestiae. Iusto quae neque porro. Voluptas omnis magni doloremque vel veritatis at numquam.',10986.64,3,5,25,50,'2015-11-07 21:03:40','2020-06-02 15:53:55'),(81,'modi','Ex ipsam nesciunt expedita sint saepe qui culpa. At incidunt inventore dicta et est voluptatum.',10371.77,8,9,10,36,'2013-04-20 14:14:04','2020-06-02 15:53:55'),(82,'nobis','Qui ipsa odit illum neque quo. Et deserunt inventore recusandae asperiores delectus dolor quia.',28611.09,4,6,98,10,'2012-07-20 01:51:01','2020-06-02 15:53:55'),(83,'necessitatibus','Reprehenderit sed veniam deserunt eum enim porro. Officia perspiciatis assumenda consequuntur enim in in qui. Optio est voluptas qui ut laboriosam adipisci et. Numquam quam voluptatem explicabo voluptas qui.',21018.19,2,14,36,12,'2019-06-23 04:07:52','2020-06-02 15:53:55'),(84,'aut','Quia et repellat ut esse. Eveniet et possimus aut aut aliquid. Nulla inventore nihil voluptatem iste corporis nam cum. Quo sit minus porro veniam vel ab nam.',19342.82,7,1,74,48,'2015-01-03 02:13:37','2020-06-02 15:53:55'),(85,'quibusdam','Voluptate et rerum voluptate aperiam. Tempora sunt id velit.',23234.13,1,4,40,46,'2017-01-28 07:41:56','2020-06-02 15:53:55'),(86,'omnis','Quis minus est est et illo. Ex repudiandae porro magnam. Minima velit nostrum ullam molestiae. Possimus deleniti eaque et autem sapiente repellendus quaerat quo.',20037.37,6,4,83,56,'2017-01-17 19:09:09','2020-06-02 15:53:55'),(87,'doloremque','Molestiae ea et et. Quia est nihil natus aut accusamus et aperiam fugit. Voluptates repellat eveniet totam nisi sed fugiat aspernatur omnis. Quae et animi qui. Iste quis dolore illum expedita architecto.',29227.10,7,3,11,17,'2010-10-27 04:15:34','2020-06-02 15:53:55'),(88,'inventore','Deserunt in incidunt tempore ut ad molestiae ea. Deserunt quo minus sit exercitationem voluptas. Adipisci delectus qui non et.',20899.85,8,8,94,59,'2017-01-07 15:00:22','2020-06-02 15:53:55'),(89,'qui','Voluptatem provident et non commodi voluptas. Omnis et sed dolorum voluptas nostrum sunt. Facilis quia illum soluta eius et earum quas.',25100.21,8,12,41,49,'2015-02-26 23:11:55','2020-06-02 15:53:55'),(90,'reiciendis','Minus laudantium ea qui et fuga aut voluptate error. Voluptatibus sit laboriosam architecto quae quam fugit quam. Aliquid error saepe accusamus aperiam doloremque eum iste.',24142.05,2,15,40,14,'2013-05-06 05:56:30','2020-06-02 15:53:55'),(91,'voluptatem','Et eos esse ut ut. Ratione laboriosam hic cumque est animi. Sunt distinctio dolores ab itaque.',20181.71,7,6,60,25,'2015-01-15 22:39:44','2020-06-02 15:53:55'),(92,'dolorum','Deleniti et architecto aut voluptatem vero laborum ullam. Voluptatem facere in et quo autem. Quis dolores placeat suscipit aliquam.',21511.34,6,6,18,11,'2019-04-24 02:55:09','2020-06-02 15:53:55'),(93,'eius','Ut numquam est pariatur magnam maxime. Sint quo culpa tenetur nisi illum. Tempore nemo molestias nihil sequi.',5068.53,4,16,100,80,'2014-04-24 10:13:34','2020-06-02 15:53:55'),(94,'molestias','Cumque nemo sed aut nobis optio aut omnis voluptas. Eum praesentium ea consequatur iste nemo repellendus. Sint consequuntur laboriosam in quae inventore voluptatem quisquam. Optio sequi eos aspernatur veniam ut qui.',28831.66,7,8,11,46,'2013-01-15 20:39:53','2020-06-02 15:53:55'),(95,'velit','Ut dolores at sint eius. Tenetur et suscipit consectetur expedita. Reiciendis corrupti aut nemo dolor in vel sequi temporibus.',15052.18,7,14,31,72,'2012-01-08 20:06:21','2020-06-02 15:53:55'),(96,'corporis','Voluptatum veniam vero sunt rerum nobis adipisci ipsum. Corporis nam adipisci voluptates et perspiciatis. Sit saepe et dolores magnam.',15866.40,8,7,53,60,'2019-04-14 19:38:05','2020-06-02 15:53:55'),(97,'et','Corrupti ut adipisci enim aut qui. Est explicabo voluptatem cum non. Totam esse aut temporibus qui accusamus sit molestias. Rem explicabo tenetur fugit in.',5258.93,6,15,20,11,'2013-09-27 08:15:56','2020-06-02 15:53:55'),(98,'repudiandae','Exercitationem esse minima labore reprehenderit aliquam et. Est itaque odit accusantium sint voluptatibus et aut sint. Illo ut autem itaque dolores debitis eius.',1384.16,7,3,6,75,'2018-11-02 13:53:18','2020-06-02 15:53:55'),(99,'deleniti','Aut quia quam sequi impedit dolor voluptas. Temporibus a eius beatae saepe omnis ad nobis. At voluptas illo repellendus quia eveniet veritatis qui. Temporibus temporibus iure voluptatem.',13723.42,5,4,27,70,'2011-04-16 08:14:00','2020-06-02 15:53:55'),(100,'et','Voluptatem quia repellendus qui quia porro molestiae. Voluptas quo quaerat odit. Fuga minima ut commodi.',15694.80,1,13,62,38,'2010-12-31 08:25:37','2020-06-02 15:53:55'),(101,'quisquam','Ipsa velit odio non. Soluta quos a quis consequatur quia distinctio nam. Enim quia vero et. Excepturi similique quo ratione optio qui.',15033.36,1,24,63,15,'2020-05-28 00:59:52','2020-06-02 15:53:55'),(102,'placeat','Qui amet consequatur eos. Vel illo expedita et quos amet. Dolor et sit accusamus et.',369.94,5,15,44,28,'2019-01-13 18:15:59','2020-06-02 15:53:55'),(103,'explicabo','Temporibus id fuga qui facilis repellendus accusantium et. Inventore consequatur neque sed et. Blanditiis mollitia est deserunt consequuntur.',12562.43,1,3,23,70,'2019-08-10 15:37:17','2020-06-02 15:53:55'),(104,'iste','Quibusdam ea qui et ad sapiente doloribus. Sed omnis minima qui sunt. Aliquid voluptas ut sed occaecati natus ut. Iure voluptatem velit et est eius ducimus.',19681.81,6,11,17,39,'2011-06-24 20:56:36','2020-06-02 15:53:55'),(105,'unde','Commodi maxime fugit cumque sunt. Est aliquid ut beatae ullam sint ducimus voluptas. Non dolorem consequatur repellat maiores occaecati neque nostrum.',28005.64,2,7,77,77,'2019-12-01 02:39:52','2020-06-02 15:53:55'),(106,'nesciunt','Voluptatem saepe ipsum sunt occaecati. Distinctio odit adipisci asperiores iusto ut adipisci est provident. Omnis perspiciatis numquam quas a voluptatem. Expedita id tempore aspernatur. Iusto iusto quibusdam mollitia et iste aut enim.',15644.49,6,2,10,27,'2018-06-24 00:56:20','2020-06-02 15:53:55'),(107,'tempore','Commodi sit et cumque debitis rerum vero. Omnis labore voluptatem eaque adipisci amet.',10248.19,6,15,88,45,'2012-07-31 04:43:20','2020-06-02 15:53:55'),(108,'rerum','Nam sunt distinctio blanditiis pariatur expedita commodi voluptatem. Doloremque beatae nesciunt dolor laudantium minima est accusamus. Deserunt odio nulla quos aliquid similique nostrum ratione.',4476.68,1,23,41,22,'2018-04-06 06:37:06','2020-06-02 15:53:55'),(109,'nisi','Ut cumque et dolore dignissimos molestiae eligendi doloribus. Modi architecto aut deleniti vel et quas necessitatibus. Repellat sequi ut officia vitae. Ducimus excepturi id omnis sed amet.',2788.54,6,3,42,66,'2013-08-08 13:53:36','2020-06-02 15:53:55'),(110,'ipsam','Incidunt id tempora saepe consequatur quia voluptatibus non. Distinctio a voluptates ut in. Corrupti inventore voluptatem quo necessitatibus aut impedit est.',25261.88,7,7,2,24,'2012-12-25 19:09:09','2020-06-02 15:53:55'),(111,'ad','Numquam qui labore maiores ex esse id quo. Aut atque doloribus quisquam error omnis cumque. Voluptatem aliquid enim sit beatae cupiditate pariatur. Ut odit sit qui quod officia.',13653.61,4,13,48,66,'2017-02-15 06:12:25','2020-06-02 15:53:55'),(112,'voluptatem','Quia minima voluptatum aut nulla maxime quidem voluptatem. Qui debitis cupiditate perferendis ullam aliquam et ex corrupti.',20438.34,8,16,41,9,'2011-11-23 16:13:22','2020-06-02 15:53:55'),(113,'minima','Et perspiciatis dolorem qui atque enim. Sint voluptatem qui magni assumenda quae qui. Qui nam ut omnis ipsa et voluptatem ad.',8729.81,2,21,90,70,'2018-01-18 04:50:24','2020-06-02 15:53:55'),(114,'sit','Explicabo modi aut non qui voluptatem totam. Ipsum nobis maxime nihil tenetur exercitationem corrupti minima. Quidem non itaque nesciunt deleniti.',19958.24,6,15,80,16,'2013-09-12 16:45:07','2020-06-02 15:53:55'),(115,'quis','Vero quia voluptas qui alias. Sit earum ut necessitatibus rerum dolor expedita. Cupiditate labore perferendis voluptatibus placeat vitae voluptatibus aut magnam.',17053.93,3,17,60,74,'2012-09-18 17:44:18','2020-06-02 15:53:55'),(116,'omnis','Neque nobis libero dolor repellat et aspernatur. Odit iusto culpa et non quae est natus earum. Temporibus et voluptas neque itaque rerum et. Omnis iure qui rem quae.',24695.39,3,7,33,65,'2018-07-04 23:43:48','2020-06-02 15:53:55'),(117,'exercitationem','Aut repellat est mollitia qui. Voluptate natus totam et et vitae. Sint rerum voluptas quia molestiae vitae.',1601.76,7,2,87,5,'2019-03-05 17:41:13','2020-06-02 15:53:55'),(118,'assumenda','Asperiores occaecati voluptas nam voluptate aliquid dolorem pariatur. Dolores inventore minus quia illum omnis. Pariatur vero officiis sit et quo voluptas. Incidunt non labore esse repellat assumenda.',21611.14,4,23,44,31,'2018-10-18 21:38:32','2020-06-02 15:53:55'),(119,'est','Sapiente cum architecto earum error. Dolorum quia ut qui harum quia repudiandae velit id. Tempora quia magni alias harum dolor voluptas. Reiciendis velit quis quod nobis eligendi.',17208.00,6,23,51,57,'2018-02-14 06:57:12','2020-06-02 15:53:55'),(120,'atque','Reiciendis ut explicabo eius corrupti ipsum omnis harum. Voluptas maiores et laborum dicta et totam. Expedita eius cumque officia quae libero voluptatem dignissimos consequatur.',288.09,8,16,38,79,'2015-05-12 21:39:07','2020-06-02 15:53:55'),(121,'repellat','Harum et nesciunt ea quas. Tempora officiis dolores labore laboriosam consequatur consectetur voluptas consequatur. Sit aliquam est iusto vel delectus cum omnis.',23385.23,8,10,22,66,'2010-08-12 06:11:54','2020-06-02 15:53:55'),(122,'recusandae','Facilis optio molestias corporis vel illo. Ex in eos maxime eum. Dolores consequatur consequatur possimus magnam veritatis voluptas similique. Est nostrum quis voluptatibus officiis ab.',13204.95,7,12,9,2,'2016-05-26 18:33:34','2020-06-02 15:53:55'),(123,'quo','Asperiores corporis placeat est nesciunt asperiores dolor et reiciendis. Facilis nemo quas ipsam est sit. Cum qui qui et veritatis sed dolor doloribus molestiae. Consequatur iste voluptatem occaecati reprehenderit. Magni cum reprehenderit omnis facilis at.',24697.40,1,21,11,75,'2011-04-13 21:50:25','2020-06-02 15:53:55'),(124,'totam','Unde ipsam saepe eum dicta. Reprehenderit voluptas ipsa officia. Dolorem sit et libero dolore consequatur dignissimos. Tenetur occaecati nisi enim.',9869.23,7,9,11,41,'2020-01-21 16:54:06','2020-06-02 15:53:55'),(125,'exercitationem','Debitis tenetur rerum eius dolorem culpa veritatis mollitia ut. Suscipit vitae ut voluptas consequuntur libero qui. Qui molestiae est modi perspiciatis sunt.',5651.16,4,16,89,42,'2014-02-24 22:52:58','2020-06-02 15:53:55'),(126,'nisi','Debitis quia ut error iusto et. Ad voluptatem tempora nesciunt illum excepturi quis officiis. Dolor quo atque ut mollitia. Ut maxime quis dolores ex facere.',27242.95,8,7,30,57,'2010-10-08 06:20:39','2020-06-02 15:53:55'),(127,'voluptate','Pariatur est adipisci in ex maiores. Culpa voluptas nostrum consequuntur mollitia voluptate ea impedit hic. Quia praesentium et nihil eum beatae necessitatibus dolore. Veniam et ratione dolore esse tempore aut.',20122.85,2,2,72,30,'2019-11-21 12:42:37','2020-06-02 15:53:55'),(128,'error','Adipisci deleniti porro odit iste dolorem nostrum consequatur et. Porro quasi ea quas exercitationem dolores et. Voluptas voluptas expedita velit incidunt voluptatum dolorem mollitia.',21169.14,4,23,45,35,'2018-05-10 14:11:05','2020-06-02 15:53:55'),(129,'tempora','Veniam ea laudantium error est quo veritatis. Architecto veniam sapiente ratione tenetur nihil sint. Quibusdam quo optio voluptatem est necessitatibus voluptas dicta.',24632.77,7,14,42,31,'2018-09-12 13:33:03','2020-06-02 15:53:55'),(130,'quaerat','Esse quam error nihil explicabo qui. Id provident architecto ea tempora nobis eos eos. Rerum rerum fugiat nulla quod optio. Laboriosam in eligendi ratione modi sunt.',19228.42,1,11,98,45,'2019-07-27 08:04:05','2020-06-02 15:53:55'),(131,'nesciunt','Mollitia sit praesentium tenetur quia pariatur. Voluptatem harum inventore quia. Maxime quia eos aliquid quam.',26160.56,6,20,93,21,'2019-03-08 21:26:33','2020-06-02 15:53:55'),(132,'saepe','Qui sit non illo nam eos rem consequatur. Voluptatem perferendis aut debitis sed id. Ratione quibusdam voluptas sapiente. Praesentium sed sapiente sit dolore deleniti id.',14322.62,6,18,74,41,'2012-07-10 18:24:03','2020-06-02 15:53:55'),(133,'repellendus','Eveniet voluptatem rem veniam qui alias. Quidem minima quos rerum. Impedit accusantium ut non vitae. Dolorem reiciendis quas ea deleniti voluptates. Nam sunt et hic voluptas et deserunt.',8856.42,8,24,2,8,'2016-06-10 17:01:02','2020-06-02 15:53:55'),(134,'consequatur','Nostrum sapiente saepe laborum numquam. Odio possimus libero sit rem. Vel quis qui perspiciatis dolores doloremque qui. Explicabo voluptatem doloremque culpa eveniet eius.',12823.60,7,1,56,55,'2011-07-11 04:55:44','2020-06-02 15:53:55'),(135,'aut','Et ullam quo dolor deleniti aspernatur et veritatis iste. Recusandae cum impedit ut nulla omnis voluptatibus neque. Aut amet eaque voluptatem quo commodi quia in.',22694.42,6,10,77,52,'2012-04-11 01:45:42','2020-06-02 15:53:55'),(136,'odio','Aut similique accusantium accusamus totam. Ut ut qui quo. Mollitia quam soluta incidunt maxime neque eligendi inventore. Consequatur dolores officiis impedit eius sit consectetur.',28130.72,6,23,43,25,'2018-10-30 08:49:44','2020-06-02 15:53:55'),(137,'est','Laborum distinctio aut ut quos hic qui. Quis et qui accusamus voluptatibus. Esse reiciendis dolores placeat perspiciatis.',8077.31,4,8,33,52,'2016-04-02 19:08:24','2020-06-02 15:53:55'),(138,'aliquam','Aut earum mollitia amet quisquam. Debitis labore esse ut voluptas qui sunt.',8271.17,4,9,43,9,'2017-02-12 00:13:11','2020-06-02 15:53:55'),(139,'voluptatum','Iusto et molestias dolores quia dicta. Reiciendis nobis sint aperiam. Ratione pariatur cumque nihil quos minima. Ut quis molestiae tempora.',7193.32,8,17,83,3,'2013-07-03 11:01:16','2020-06-02 15:53:55'),(140,'ut','Eum ut incidunt magnam ad harum. Dolorem laboriosam odio dolor dolores recusandae. Rerum enim aperiam debitis provident magnam quae.',20255.16,3,11,28,8,'2011-12-02 00:23:19','2020-06-02 15:53:55'),(141,'a','Itaque et est hic natus possimus. Amet eum ipsa illum. Occaecati quidem pariatur ut aut minima.',18381.84,7,4,42,48,'2011-10-27 06:51:39','2020-06-02 15:53:55'),(142,'qui','Porro aut deserunt sed. Neque sit omnis quam enim. Rerum veniam dolores eum nam alias repellendus aliquam nesciunt. Aliquid aliquid in quis. Dicta facere ea architecto.',21216.78,7,17,17,61,'2011-10-25 22:11:38','2020-06-02 15:53:55'),(143,'et','Dolorem quam voluptatem sed accusamus qui cumque provident architecto. Illum nisi non libero cumque quae alias neque. Repellat harum ex ea voluptatem et voluptas in.',7968.57,1,14,61,29,'2010-07-04 06:36:29','2020-06-02 15:53:55'),(144,'et','Est qui ipsum dignissimos. Odio quam qui eum repellat. Modi sequi sed tempora rem iusto eaque et dolore. Eaque sit rem voluptatem eum voluptatem in quod.',27970.29,5,6,33,74,'2017-07-29 07:22:11','2020-06-02 15:53:55'),(145,'ut','Nulla eum aliquam labore quas rem. Reprehenderit quisquam qui quos voluptatem maxime magnam. Voluptatibus qui animi temporibus doloribus aut eveniet. Fuga earum fugiat rerum beatae quo.',19811.53,5,16,70,42,'2013-10-27 02:00:34','2020-06-02 15:53:55'),(146,'earum','Voluptatum odio placeat aut quas error natus. Omnis maiores ipsa nihil est tempore aperiam. Eum eveniet et aliquam veritatis quis.',15234.87,8,9,92,38,'2015-08-09 05:16:59','2020-06-02 15:53:55'),(147,'porro','Laborum doloribus quidem nulla dignissimos magni et. Non voluptatum id quasi. Impedit qui nam et molestiae.',17234.75,4,17,97,62,'2016-08-14 08:10:30','2020-06-02 15:53:55'),(148,'maiores','Saepe culpa debitis modi quo. Sint nisi voluptatem et nihil omnis provident. Eos sint consectetur enim vero quae ut.',29190.75,5,20,45,64,'2010-10-03 17:16:12','2020-06-02 15:53:55'),(149,'enim','Sed fugit veritatis ratione totam sit non. Veniam est est facilis expedita. Veritatis vero odio aut est nesciunt cum ut. Magni facilis reiciendis et.',18311.67,6,14,74,2,'2014-09-05 10:34:03','2020-06-02 15:53:55'),(150,'sit','Laborum enim inventore accusantium officia quod ea sint. Veritatis nesciunt optio quo. Eum est illo suscipit.',26360.71,3,2,36,46,'2018-06-07 12:10:17','2020-06-02 15:53:55'),(151,'pencil','red pencil',50.00,3,9,NULL,NULL,'2020-06-06 18:08:18','2020-06-06 18:08:18'),(152,NULL,'red pencil',50.00,3,9,NULL,NULL,'2020-06-06 18:08:27','2020-06-06 18:08:27');
/*!40000 ALTER TABLE `products` ENABLE KEYS */;
UNLOCK TABLES;
/*!50003 SET @saved_cs_client      = @@character_set_client */ ;
/*!50003 SET @saved_cs_results     = @@character_set_results */ ;
/*!50003 SET @saved_col_connection = @@collation_connection */ ;
/*!50003 SET character_set_client  = utf8mb4 */ ;
/*!50003 SET character_set_results = utf8mb4 */ ;
/*!50003 SET collation_connection  = utf8mb4_0900_ai_ci */ ;
/*!50003 SET @saved_sql_mode       = @@sql_mode */ ;
/*!50003 SET sql_mode              = 'ONLY_FULL_GROUP_BY,STRICT_TRANS_TABLES,NO_ZERO_IN_DATE,NO_ZERO_DATE,ERROR_FOR_DIVISION_BY_ZERO,NO_ENGINE_SUBSTITUTION' */ ;
DELIMITER ;;
/*!50003 CREATE*/ /*!50017 DEFINER=`root`@`localhost`*/ /*!50003 TRIGGER `validate_name_description_insert` BEFORE INSERT ON `products` FOR EACH ROW BEGIN
  IF NEW.name IS NULL AND NEW.description IS NULL THEN
    SIGNAL SQLSTATE '45000'
    SET MESSAGE_TEXT = 'Both name and description are NULL';
  END IF;
END */;;
DELIMITER ;
/*!50003 SET sql_mode              = @saved_sql_mode */ ;
/*!50003 SET character_set_client  = @saved_cs_client */ ;
/*!50003 SET character_set_results = @saved_cs_results */ ;
/*!50003 SET collation_connection  = @saved_col_connection */ ;

--
-- Temporary view structure for view `products_catalogs`
--

DROP TABLE IF EXISTS `products_catalogs`;
/*!50001 DROP VIEW IF EXISTS `products_catalogs`*/;
SET @saved_cs_client     = @@character_set_client;
/*!50503 SET character_set_client = utf8mb4 */;
/*!50001 CREATE VIEW `products_catalogs` AS SELECT 
 1 AS `product`,
 1 AS `name_catalog`*/;
SET character_set_client = @saved_cs_client;

--
-- Table structure for table `storehouses`
--

DROP TABLE IF EXISTS `storehouses`;
/*!40101 SET @saved_cs_client     = @@character_set_client */;
/*!50503 SET character_set_client = utf8mb4 */;
CREATE TABLE `storehouses` (
  `id` int unsigned NOT NULL AUTO_INCREMENT,
  `name` varchar(255) CHARACTER SET utf8 COLLATE utf8_unicode_ci DEFAULT NULL,
  `address` varchar(255) CHARACTER SET utf8 COLLATE utf8_unicode_ci DEFAULT NULL,
  `created_at` datetime DEFAULT CURRENT_TIMESTAMP,
  `update_at` datetime DEFAULT CURRENT_TIMESTAMP ON UPDATE CURRENT_TIMESTAMP,
  PRIMARY KEY (`id`)
) ENGINE=InnoDB AUTO_INCREMENT=11 DEFAULT CHARSET=utf8 COLLATE=utf8_unicode_ci;
/*!40101 SET character_set_client = @saved_cs_client */;

--
-- Dumping data for table `storehouses`
--

LOCK TABLES `storehouses` WRITE;
/*!40000 ALTER TABLE `storehouses` DISABLE KEYS */;
INSERT INTO `storehouses` VALUES (1,'РњРѕСЃРєРІР°, РїРѕСЃРµР»РµРЅРёРµ РЎРѕСЃРµРЅСЃРєРѕРµ','РњРѕСЃРєРІР°, РїРѕСЃРµР»РµРЅРёРµ РЎРѕСЃРµРЅСЃРєРѕРµ, РґРµСЂРµРІРЅСЏ РќРёРєРѕР»Рѕ-РҐРѕРІР°РЅСЃРєРѕРµ, РІР».1031','2018-01-13 02:12:40','2020-06-03 10:12:32'),(2,'РџРѕРґРѕР»СЊСЃРє','142103, Рі. РџРѕРґРѕР»СЊСЃРє, СѓР». РџРѕР»РёРІР°РЅРѕРІСЃРєР°СЏ, Рґ.9','2011-07-30 23:55:39','2020-06-03 10:13:38'),(3,'РњРћ, Рґ. РљСЂС‘РєС€РёРЅРѕ','РњРѕСЃРєРІР°, Рґ.РљСЂС‘РєС€РёРЅРѕ, РўСѓРїРёРєРѕРІС‹Р№ РїСЂРѕРµР·Рґ 1','2018-12-09 01:20:15','2020-06-03 10:16:07'),(4,'РџРѕРґРѕР»СЊСЃРє 2 (РљРѕР»РµРґРёРЅРѕ)','РџРѕРґРѕР»СЊСЃРєРёР№ СЂР°Р№РѕРЅ, Рґ. РљРѕР»РµРґРёРЅРѕ, СѓР». РўСЂРѕРёС†РєР°СЏ, Рґ. 20','2017-11-07 06:50:38','2020-06-03 10:16:10'),(5,'Р”РѕРјРѕРґРµРґРѕРІРѕ','РњРћ, Р”РѕРјРѕРґРµРґРѕРІРѕ, СѓР». Р›РѕРіРёСЃС‚РёС‡РµСЃРєР°СЏ, СЃС‚СЂРѕРµРЅРёРµ 9 Рђ, Р°РґРјРёРЅРёСЃС‚СЂР°С‚РёРІРЅРѕ-СЃРєР»Р°РґСЃРєРѕР№ РєРѕСЂРїСѓСЃ 3','2013-02-24 15:38:59','2020-06-03 10:22:31'),(6,'РќРѕРІРѕСЃРёР±РёСЂСЃРє','630088, Рі. РќРѕРІРѕСЃРёР±РёСЂСЃРє, СѓР». РџРµС‚СѓС…РѕРІР°, Рґ.71','2019-11-05 14:11:37','2020-06-03 10:22:34'),(7,'РЎР°РЅРєС‚-РџРµС‚РµСЂР±СѓСЂРі','188682, Р›РµРЅРёРЅРіСЂР°РґСЃРєР°СЏ РѕР±Р»., Р’СЃРµРІРѕР»РѕР¶СЃРєРёР№ СЂ-РЅ, Рі.Рї. РЎРІРµСЂРґР»РѕРІСЃРєРѕРµ, Рґ. РќРѕРІРѕСЃР°СЂР°С‚РѕРІРєР°, СѓС‡Р°СЃС‚РѕРє в„– 1','2019-10-01 11:55:27','2020-06-03 10:22:08'),(8,'РҐР°Р±Р°СЂРѕРІСЃРє','680045, Рі. РҐР°Р±Р°СЂРѕРІСЃРє, СѓР». РљСЂР°СЃРЅРѕСЂРµС‡РµРЅСЃРєР°СЏ, Рґ.118, Р»РёС‚ Рў','2018-06-16 18:32:29','2020-06-03 10:25:20'),(9,'Р•РєР°С‚РµСЂРёРЅР±СѓСЂРі','620060, Рі. Р•РєР°С‚РµСЂРёРЅР±СѓСЂРі, СѓР». Р“РѕСЂРЅРёСЃС‚РѕРІ РїСЂРѕРµР·Рґ, СЃС‚СЂ.1Рђ','2018-04-02 11:50:00','2020-06-03 10:22:14'),(10,'РљСЂР°СЃРЅРѕРґР°СЂ','350912, Рі. РљСЂР°СЃРЅРѕРґР°СЂ, СѓР». РџРѕС‡С‚РѕРІРѕРµ РѕС‚РґРµР»РµРЅРёРµ в„–27, 4','2018-06-17 02:48:24','2020-06-03 10:22:16');
/*!40000 ALTER TABLE `storehouses` ENABLE KEYS */;
UNLOCK TABLES;

--
-- Table structure for table `storehouses_products`
--

DROP TABLE IF EXISTS `storehouses_products`;
/*!40101 SET @saved_cs_client     = @@character_set_client */;
/*!50503 SET character_set_client = utf8mb4 */;
CREATE TABLE `storehouses_products` (
  `id` bigint unsigned NOT NULL AUTO_INCREMENT,
  `storehouse_id` int unsigned DEFAULT NULL,
  `product_id` int unsigned DEFAULT NULL,
  `value` int unsigned DEFAULT NULL,
  `created_at` datetime DEFAULT CURRENT_TIMESTAMP,
  `update_at` datetime DEFAULT CURRENT_TIMESTAMP ON UPDATE CURRENT_TIMESTAMP,
  PRIMARY KEY (`id`),
  KEY `storehouses_products_product_id_fk` (`product_id`),
  KEY `storehouses_products_storehouse_id_fk` (`storehouse_id`),
  CONSTRAINT `storehouses_products_product_id_fk` FOREIGN KEY (`product_id`) REFERENCES `products` (`id`) ON DELETE SET NULL,
  CONSTRAINT `storehouses_products_storehouse_id_fk` FOREIGN KEY (`storehouse_id`) REFERENCES `storehouses` (`id`) ON DELETE RESTRICT
) ENGINE=InnoDB AUTO_INCREMENT=151 DEFAULT CHARSET=utf8 COLLATE=utf8_unicode_ci;
/*!40101 SET character_set_client = @saved_cs_client */;

--
-- Dumping data for table `storehouses_products`
--

LOCK TABLES `storehouses_products` WRITE;
/*!40000 ALTER TABLE `storehouses_products` DISABLE KEYS */;
INSERT INTO `storehouses_products` VALUES (1,9,138,907,'2016-01-28 20:24:37','2020-06-03 21:04:40'),(2,8,31,668,'2011-09-29 13:57:02','2020-06-03 21:04:40'),(3,8,93,913,'2018-04-02 12:13:23','2020-06-03 21:04:40'),(4,8,125,21,'2011-07-10 08:46:54','2020-06-03 21:04:40'),(5,7,143,955,'2013-04-22 05:48:31','2020-06-03 21:04:40'),(6,10,107,806,'2019-01-16 13:18:07','2020-06-03 21:04:40'),(7,9,11,671,'2016-06-03 13:01:54','2020-06-03 21:04:40'),(8,2,98,856,'2016-11-09 19:49:54','2020-06-03 21:04:40'),(9,4,10,326,'2015-10-23 01:21:01','2020-06-03 21:04:40'),(10,5,38,923,'2019-11-16 22:09:19','2020-06-03 21:04:40'),(11,9,79,29,'2018-10-13 13:24:19','2020-06-03 21:04:40'),(12,6,124,375,'2015-09-02 18:44:58','2020-06-03 21:04:40'),(13,4,132,181,'2020-05-09 12:14:56','2020-06-03 21:04:40'),(14,3,124,297,'2016-08-10 07:03:57','2020-06-03 21:04:40'),(15,1,29,891,'2011-12-10 19:37:17','2020-06-03 21:04:40'),(16,9,117,206,'2010-12-09 08:07:38','2020-06-03 21:04:40'),(17,8,135,375,'2017-11-09 12:14:07','2020-06-03 21:04:40'),(18,2,120,419,'2018-01-27 23:42:56','2020-06-03 21:04:40'),(19,8,46,382,'2016-12-21 11:54:33','2020-06-03 21:04:40'),(20,10,128,246,'2016-02-28 17:37:20','2020-06-03 21:04:40'),(21,7,101,313,'2011-12-15 22:19:24','2020-06-03 21:04:40'),(22,6,121,375,'2016-08-13 18:04:37','2020-06-03 21:04:40'),(23,5,26,488,'2018-08-05 00:13:43','2020-06-03 21:04:40'),(24,10,19,876,'2016-08-11 06:14:01','2020-06-03 21:04:40'),(25,1,58,919,'2011-01-20 07:00:53','2020-06-03 21:04:40'),(26,5,64,810,'2020-03-03 08:27:11','2020-06-03 21:04:40'),(27,8,69,962,'2017-01-22 20:16:25','2020-06-03 21:04:40'),(28,5,42,86,'2013-10-09 20:56:42','2020-06-03 21:04:40'),(29,7,112,912,'2018-08-18 03:32:34','2020-06-03 21:04:40'),(30,4,137,560,'2019-03-24 08:52:07','2020-06-03 21:04:40'),(31,1,103,186,'2014-10-03 13:07:02','2020-06-03 21:04:40'),(32,9,131,694,'2014-06-01 04:01:12','2020-06-03 21:04:40'),(33,9,32,471,'2019-05-18 18:53:16','2020-06-03 21:04:40'),(34,8,32,887,'2011-07-21 14:45:03','2020-06-03 21:04:40'),(35,8,50,254,'2020-02-09 14:57:05','2020-06-03 21:04:40'),(36,3,96,336,'2017-08-28 22:38:43','2020-06-03 21:04:40'),(37,8,130,1000,'2013-10-11 13:30:19','2020-06-03 21:04:40'),(38,5,5,927,'2014-10-24 10:04:28','2020-06-03 21:04:40'),(39,6,143,125,'2017-09-26 07:57:14','2020-06-03 21:04:40'),(40,8,67,941,'2014-10-01 03:39:13','2020-06-03 21:04:40'),(41,4,150,891,'2015-05-28 03:47:59','2020-06-03 21:04:40'),(42,5,98,845,'2012-08-28 05:05:19','2020-06-03 21:04:40'),(43,3,131,500,'2012-04-28 05:01:15','2020-06-03 21:04:40'),(44,9,145,148,'2010-09-02 22:18:54','2020-06-03 21:04:40'),(45,9,115,297,'2018-04-25 07:55:36','2020-06-03 21:04:40'),(46,2,10,757,'2012-04-12 21:46:08','2020-06-03 21:04:40'),(47,6,98,492,'2010-11-17 14:26:37','2020-06-03 21:04:40'),(48,6,13,874,'2012-12-13 05:54:33','2020-06-03 21:04:40'),(49,2,150,620,'2013-08-07 04:40:16','2020-06-03 21:04:40'),(50,2,100,10,'2017-07-23 07:52:54','2020-06-03 21:04:40'),(51,1,36,25,'2016-03-29 22:11:33','2020-06-03 21:04:40'),(52,5,149,700,'2014-05-16 19:01:23','2020-06-03 21:04:40'),(53,6,88,297,'2013-03-19 18:50:17','2020-06-03 21:04:40'),(54,8,123,846,'2011-10-04 02:44:53','2020-06-03 21:04:40'),(55,8,59,598,'2013-10-16 03:49:35','2020-06-03 21:04:40'),(56,9,45,17,'2016-12-03 07:48:50','2020-06-03 21:04:40'),(57,2,143,141,'2015-05-19 09:52:49','2020-06-03 21:04:40'),(58,9,133,841,'2015-01-23 14:48:35','2020-06-03 21:04:40'),(59,6,34,0,'2020-05-23 12:44:36','2020-06-04 13:52:09'),(60,7,131,393,'2014-05-01 10:50:49','2020-06-03 21:04:40'),(61,4,88,862,'2016-09-11 02:27:36','2020-06-03 21:04:40'),(62,6,30,302,'2017-12-04 19:20:17','2020-06-03 21:04:40'),(63,10,109,851,'2019-05-14 04:09:47','2020-06-03 21:04:40'),(64,1,125,923,'2012-12-25 04:43:56','2020-06-03 21:04:40'),(65,2,126,828,'2014-11-02 14:01:13','2020-06-03 21:04:40'),(66,7,97,329,'2012-08-30 16:13:12','2020-06-03 21:04:40'),(67,8,94,962,'2013-06-19 09:06:45','2020-06-03 21:04:40'),(68,10,117,78,'2014-11-20 10:01:10','2020-06-03 21:04:40'),(69,1,13,219,'2015-03-25 03:14:28','2020-06-03 21:04:40'),(70,9,88,370,'2017-05-03 12:26:52','2020-06-03 21:04:40'),(71,1,59,649,'2010-11-27 04:57:49','2020-06-03 21:04:40'),(72,1,66,941,'2011-06-13 21:08:23','2020-06-03 21:04:40'),(73,4,27,689,'2011-08-28 07:44:10','2020-06-03 21:04:40'),(74,10,73,699,'2019-06-28 01:34:37','2020-06-03 21:04:40'),(75,1,13,301,'2016-03-26 22:55:50','2020-06-03 21:04:40'),(76,3,58,143,'2017-03-27 16:43:19','2020-06-03 21:04:40'),(77,6,60,285,'2013-12-07 08:08:36','2020-06-03 21:04:40'),(78,3,49,914,'2012-07-03 23:07:05','2020-06-03 21:04:40'),(79,6,36,399,'2016-07-25 00:09:18','2020-06-03 21:04:40'),(80,3,31,192,'2020-02-26 19:28:53','2020-06-03 21:04:40'),(81,4,18,561,'2011-04-03 22:09:33','2020-06-03 21:04:40'),(82,5,93,691,'2012-03-27 00:28:34','2020-06-03 21:04:40'),(83,7,149,99,'2010-10-13 06:56:54','2020-06-03 21:04:40'),(84,6,56,251,'2010-12-26 20:35:32','2020-06-03 21:04:40'),(85,2,145,397,'2013-07-07 04:26:57','2020-06-03 21:04:40'),(86,1,38,978,'2019-07-25 02:25:34','2020-06-03 21:04:40'),(87,2,119,509,'2019-09-19 07:12:11','2020-06-03 21:04:40'),(88,2,55,288,'2015-08-18 11:48:23','2020-06-03 21:04:40'),(89,4,131,307,'2013-01-19 22:03:42','2020-06-03 21:04:40'),(90,10,105,710,'2015-07-09 10:19:49','2020-06-03 21:04:40'),(91,5,26,463,'2019-09-14 20:58:16','2020-06-03 21:04:40'),(92,9,100,890,'2013-09-24 11:16:31','2020-06-03 21:04:40'),(93,5,91,663,'2015-06-03 02:26:16','2020-06-03 21:04:40'),(94,5,75,1000,'2019-03-16 17:42:53','2020-06-03 21:04:40'),(95,6,77,52,'2015-04-09 09:47:19','2020-06-03 21:04:40'),(96,8,71,175,'2017-08-26 03:23:17','2020-06-03 21:04:40'),(97,5,119,566,'2017-11-11 18:51:35','2020-06-03 21:04:40'),(98,5,88,542,'2012-02-13 02:34:13','2020-06-03 21:04:40'),(99,10,29,58,'2010-10-24 06:09:00','2020-06-03 21:04:40'),(100,8,65,989,'2016-05-15 07:21:32','2020-06-03 21:04:40'),(101,7,44,505,'2018-06-01 04:25:12','2020-06-03 21:04:40'),(102,7,109,679,'2012-09-07 21:28:09','2020-06-03 21:04:40'),(103,3,9,621,'2010-07-25 16:11:34','2020-06-03 21:04:40'),(104,10,126,370,'2014-10-31 21:59:29','2020-06-03 21:04:40'),(105,4,83,766,'2014-05-21 08:09:46','2020-06-03 21:04:40'),(106,2,85,291,'2017-04-27 16:32:40','2020-06-03 21:04:40'),(107,8,148,595,'2017-07-25 21:17:15','2020-06-03 21:04:40'),(108,1,54,712,'2013-02-17 09:38:16','2020-06-03 21:04:40'),(109,5,39,842,'2020-03-13 15:48:55','2020-06-03 21:04:40'),(110,5,104,113,'2010-08-29 21:13:51','2020-06-03 21:04:40'),(111,5,25,304,'2010-07-16 13:21:35','2020-06-03 21:04:40'),(112,1,39,198,'2011-07-11 18:38:30','2020-06-03 21:04:40'),(113,3,69,645,'2012-02-27 19:34:30','2020-06-03 21:04:40'),(114,9,56,254,'2015-11-13 17:48:26','2020-06-03 21:04:40'),(115,2,11,843,'2012-12-14 06:59:43','2020-06-03 21:04:40'),(116,1,78,552,'2013-10-01 07:17:16','2020-06-03 21:04:40'),(117,3,60,365,'2018-06-18 11:03:26','2020-06-03 21:04:40'),(118,7,6,298,'2019-03-10 01:36:17','2020-06-03 21:04:40'),(119,4,2,920,'2020-05-27 23:30:20','2020-06-03 21:04:40'),(120,6,6,514,'2017-04-06 08:23:59','2020-06-03 21:04:40'),(121,5,110,0,'2010-12-02 01:17:35','2020-06-04 13:52:16'),(122,4,94,203,'2011-05-09 05:19:05','2020-06-03 21:04:40'),(123,2,16,103,'2012-12-04 10:59:48','2020-06-03 21:04:40'),(124,2,101,752,'2013-03-08 21:06:22','2020-06-06 14:00:24'),(125,8,89,640,'2018-11-17 08:56:29','2020-06-03 21:04:40'),(126,5,33,802,'2016-09-16 21:02:57','2020-06-03 21:04:40'),(127,4,58,849,'2018-12-17 19:14:42','2020-06-03 21:04:40'),(128,1,135,227,'2013-01-11 17:51:27','2020-06-03 21:04:40'),(129,5,77,251,'2017-09-09 23:30:31','2020-06-03 21:04:40'),(130,8,121,875,'2013-04-08 20:34:58','2020-06-03 21:04:40'),(131,10,33,183,'2017-12-20 06:18:32','2020-06-03 21:04:40'),(132,3,113,962,'2018-11-10 00:20:57','2020-06-03 21:04:40'),(133,6,141,995,'2020-05-22 13:33:58','2020-06-03 21:04:40'),(134,2,122,564,'2017-04-22 06:56:19','2020-06-03 21:04:40'),(135,4,43,242,'2018-05-04 00:23:08','2020-06-03 21:04:40'),(136,4,6,127,'2013-05-21 15:18:01','2020-06-03 21:04:40'),(137,6,34,554,'2010-08-11 16:57:42','2020-06-03 21:04:40'),(138,2,127,913,'2018-07-09 21:30:40','2020-06-03 21:04:40'),(139,1,64,13,'2018-01-21 07:47:27','2020-06-03 21:04:40'),(140,8,145,404,'2013-12-03 01:54:50','2020-06-03 21:04:40'),(141,2,71,951,'2014-02-21 15:45:18','2020-06-03 21:04:40'),(142,4,126,173,'2012-05-23 12:11:08','2020-06-03 21:04:40'),(143,4,35,99,'2018-12-02 04:57:31','2020-06-03 21:04:40'),(144,9,110,232,'2011-09-29 08:27:23','2020-06-03 21:04:40'),(145,10,24,884,'2015-04-07 16:51:50','2020-06-03 21:04:40'),(146,10,7,412,'2010-07-20 18:25:55','2020-06-03 21:04:40'),(147,10,55,57,'2017-12-16 22:59:20','2020-06-03 21:04:40'),(148,2,120,396,'2011-12-18 22:23:20','2020-06-03 21:04:40'),(149,6,117,116,'2016-09-24 09:25:56','2020-06-03 21:04:40'),(150,3,129,570,'2014-08-16 11:14:53','2020-06-03 21:04:40');
/*!40000 ALTER TABLE `storehouses_products` ENABLE KEYS */;
UNLOCK TABLES;

--
-- Table structure for table `users`
--

DROP TABLE IF EXISTS `users`;
/*!40101 SET @saved_cs_client     = @@character_set_client */;
/*!50503 SET character_set_client = utf8mb4 */;
CREATE TABLE `users` (
  `id` int unsigned NOT NULL AUTO_INCREMENT,
  `login` varchar(100) CHARACTER SET utf8 COLLATE utf8_unicode_ci NOT NULL,
  `pass` varchar(100) CHARACTER SET utf8 COLLATE utf8_unicode_ci NOT NULL,
  `birthday` date DEFAULT NULL,
  `gender` varchar(5) CHARACTER SET utf8 COLLATE utf8_unicode_ci NOT NULL,
  `email` varchar(100) CHARACTER SET utf8 COLLATE utf8_unicode_ci NOT NULL,
  `phone` varchar(100) CHARACTER SET utf8 COLLATE utf8_unicode_ci NOT NULL,
  `city` varchar(50) CHARACTER SET utf8 COLLATE utf8_unicode_ci NOT NULL,
  `created_at` datetime DEFAULT CURRENT_TIMESTAMP,
  `updated_at` datetime DEFAULT CURRENT_TIMESTAMP ON UPDATE CURRENT_TIMESTAMP,
  PRIMARY KEY (`id`),
  UNIQUE KEY `login` (`login`),
  UNIQUE KEY `email` (`email`),
  UNIQUE KEY `phone` (`phone`)
) ENGINE=InnoDB AUTO_INCREMENT=151 DEFAULT CHARSET=utf8 COLLATE=utf8_unicode_ci;
/*!40101 SET character_set_client = @saved_cs_client */;

--
-- Dumping data for table `users`
--

LOCK TABLES `users` WRITE;
/*!40000 ALTER TABLE `users` DISABLE KEYS */;
INSERT INTO `users` VALUES (1,'qui','NSYP1510','1984-11-25','m','qrunolfsdottir@example.com','+31844398625','РњРёРЅСЃРє','2018-04-09 00:26:37','2020-06-03 14:54:13'),(2,'voluptate','PXQO7874','1982-10-13','f','cleveland.rempel@example.org','+79073419721','РљСЂР°СЃРЅРѕРґР°СЂ','2016-09-18 06:41:52','2020-06-03 14:53:58'),(3,'debitis','HLFU2188','2002-02-28','f','samara.mclaughlin@example.com','+76192973683','РњС‹С‚РёС‰Рё','2018-07-21 10:04:52','2020-06-03 14:53:58'),(4,'omnis','KOOA4714','2000-12-19','m','delfina21@example.net','+99471572313','Р‘РёС€РєРµРє','2012-07-24 15:44:05','2020-06-03 14:54:02'),(5,'quia','FCSJ5486','1976-02-09','m','magdalena.friesen@example.net','+73644609559','РњС‹С‚РёС‰Рё','2010-09-16 21:06:43','2020-06-03 14:53:58'),(6,'et','CDIH3177','1973-08-03','m','bertrand66@example.com','+3829541360','Р•СЂРµРІР°РЅ','2018-02-09 22:53:36','2020-06-03 14:54:13'),(7,'voluptas','GRRG1821','1995-10-10','f','schultz.leonor@example.net','+79544127054','РђР»РјР°С‚С‹','2011-08-01 12:19:18','2020-06-03 14:53:58'),(8,'est','QLGW5518','2004-12-12','f','lelah36@example.org','+77105496756','РџРѕРґРѕР»СЊСЃРє','2011-09-30 10:55:30','2020-06-03 12:03:42'),(9,'voluptatem','NWSY5347','1999-01-15','m','mwest@example.org','+74659991847','РџРѕРґРѕР»СЊСЃРє','2010-09-24 04:45:18','2020-06-03 12:03:42'),(10,'aliquid','ZAGB5618','2001-08-22','f','liam.batz@example.com','+76686806901','РђР»РјР°С‚С‹','2018-12-26 15:24:46','2020-06-03 14:53:58'),(11,'magni','TQWK3945','1997-06-18','m','watsica.myriam@example.com','+38514511232','Р•СЂРµРІР°РЅ','2016-01-15 00:38:24','2020-06-03 14:54:13'),(12,'blanditiis','YEBT5522','1980-06-14','m','uschumm@example.com','+95852534555','Р‘РёС€РєРµРє','2018-02-04 05:14:49','2020-06-03 14:54:02'),(13,'enim','CTKS4346','1999-05-21','f','mark.ryan@example.org','+39983932387','РњРёРЅСЃРє','2012-06-11 04:34:31','2020-06-03 14:54:13'),(14,'distinctio','YLJL1110','1976-07-12','m','arthur06@example.org','+74701653650','РљСЂР°СЃРЅРѕРґР°СЂ','2014-02-01 16:08:02','2020-06-03 14:53:58'),(15,'reiciendis','DVOK2054','1983-10-24','m','lockman.mia@example.net','+73347847858','РњС‹С‚РёС‰Рё','2011-02-12 21:02:32','2020-06-03 14:53:58'),(16,'accusantium','ZDPQ2813','1975-08-02','m','schroeder.alanna@example.org','+72534278645','РђСЃС‚Р°РЅР°','2016-09-02 08:26:46','2020-06-03 14:53:58'),(17,'quae','DWYA2814','2003-03-24','f','madalyn.cummings@example.com','+72527849958','РќРѕРІРѕСЃРёР±РёСЂСЃРє','2012-08-11 06:06:11','2020-06-03 14:53:58'),(18,'similique','CHCP6598','2001-03-27','m','boyle.consuelo@example.com','+74936414162','Р–СѓРєРѕРІСЃРєРёР№','2019-03-24 17:10:55','2020-06-03 14:53:58'),(19,'voluptatum','WQMM8861','1994-11-01','m','feffertz@example.org','+34276128547','РњРёРЅСЃРє','2019-11-30 17:12:49','2020-06-03 14:54:13'),(20,'vel','TMAT6425','1981-01-06','m','ortiz.jaylan@example.com','+76998521247','РљСЂР°СЃРЅРѕРґР°СЂ','2011-11-10 19:11:37','2020-06-03 14:53:58'),(21,'autem','CKTL8938','2001-04-19','m','lkoelpin@example.org','+710083364054','РљСЂР°СЃРЅРѕРґР°СЂ','2012-09-01 01:16:32','2020-06-03 14:53:58'),(22,'necessitatibus','OZEZ3559','2001-12-24','m','tatyana.frami@example.org','+33764740046','РџРѕРґРѕР»СЊСЃРє','2019-02-12 07:28:22','2020-06-03 12:03:42'),(23,'ut','GRNQ6059','1987-11-02','f','malcolm.rolfson@example.com','+79321256840','РђР»РјР°С‚С‹','2014-10-07 12:12:01','2020-06-03 14:53:58'),(24,'dolor','WWRV841','1972-08-21','m','tolson@example.org','+76256192343','РњРѕСЃРєРІР°','2019-09-11 12:06:04','2020-06-03 14:53:58'),(25,'eius','PZCO5038','1985-05-24','f','blanda.marjorie@example.org','+73217191505','РђСЃС‚Р°РЅР°','2014-02-16 21:14:31','2020-06-03 14:53:58'),(26,'numquam','VKPR4939','1998-12-02','m','dmarvin@example.net','+77217380804','РђР»РјР°С‚С‹','2015-01-30 21:34:17','2020-06-03 14:53:58'),(27,'facere','JABG9392','1997-04-19','f','tommie73@example.com','+31328845884','РњРёРЅСЃРє','2018-02-15 12:50:05','2020-06-03 14:54:13'),(28,'mollitia','JSLC634','1974-12-12','m','samara.kuphal@example.org','+76335329812','РљСЂР°СЃРЅРѕРґР°СЂ','2015-02-18 07:26:36','2020-06-03 14:53:58'),(29,'libero','HBJT4869','1995-02-02','f','demarcus88@example.net','+79924506956','РњРѕСЃРєРІР°','2011-08-22 00:28:53','2020-06-03 14:53:58'),(30,'dolores','AFZG1660','1995-05-11','m','tmohr@example.com','+7516545654','РњС‹С‚РёС‰Рё','2012-01-04 18:43:45','2020-06-03 14:53:58'),(31,'dicta','MUMY2539','1991-02-08','m','deondre59@example.org','+7578386626','РџРѕРґРѕР»СЊСЃРє','2019-08-12 18:57:08','2020-06-03 12:03:42'),(32,'animi','VMZK873','1980-02-05','f','lubowitz.marilie@example.com','+33715844085','РњРёРЅСЃРє','2018-03-08 06:32:45','2020-06-03 14:54:13'),(33,'aut','[FYC6999','1976-11-06','m','kendra40@example.org','+7304373075','РџРѕРґРѕР»СЊСЃРє','2015-09-18 11:36:28','2020-06-03 12:03:42'),(34,'sunt','ZGHR5048','1997-06-24','f','stella03@example.com','+33035291008','РџРѕРґРѕР»СЊСЃРє','2014-12-29 11:06:19','2020-06-03 12:03:42'),(35,'atque','CWYD7796','1998-01-08','f','price.henri@example.com','+34492683081','РњРёРЅСЃРє','2010-06-18 02:36:16','2020-06-03 14:54:13'),(36,'fugit','OZEX585','1970-08-30','m','terence69@example.com','+31215883459','РњРёРЅСЃРє','2015-10-14 12:57:49','2020-06-03 14:54:13'),(37,'temporibus','T[SO5548','1999-01-13','m','opowlowski@example.net','+72709207707','РќРѕРІРѕСЃРёР±РёСЂСЃРє','2012-05-14 20:35:07','2020-06-03 14:53:58'),(38,'quam','GSRE9271','1998-04-27','f','jonatan.pacocha@example.org','+32354891526','РџРѕРґРѕР»СЊСЃРє','2014-10-03 05:12:46','2020-06-03 12:03:42'),(39,'quo','XZGI8681','2001-12-17','f','coleman51@example.org','+71896401880','РњРѕСЃРєРІР°','2015-03-26 06:48:12','2020-06-03 14:53:58'),(40,'laudantium','HE[N5545','1988-01-31','f','zbrown@example.com','+71254386588','Р–СѓРєРѕРІСЃРєРёР№','2012-06-26 10:49:28','2020-06-03 14:53:58'),(41,'sed','QISN4684','1977-05-03','m','conroy.kennedi@example.org','+7482727608','РњС‹С‚РёС‰Рё','2019-08-08 01:58:01','2020-06-03 14:53:58'),(42,'rerum','TGXU2428','1997-10-11','m','kessler.fern@example.org','+999847958910','Р‘РёС€РєРµРє','2012-07-21 04:32:41','2020-06-03 14:54:02'),(43,'ducimus','PKDN878','1978-10-20','m','zveum@example.org','+78550478583','РђР»РјР°С‚С‹','2012-01-19 01:59:26','2020-06-03 14:53:58'),(44,'soluta','NSXJ1445','1993-02-20','f','fgutkowski@example.org','+71204210401','РђСЃС‚Р°РЅР°','2015-01-29 12:24:08','2020-06-03 14:53:58'),(45,'architecto','VEID5639','1995-09-27','m','qtorphy@example.com','+7269616565','РќРѕРІРѕСЃРёР±РёСЂСЃРє','2017-07-08 18:27:56','2020-06-03 14:53:58'),(46,'voluptatibus','XXVL6777','1981-11-08','m','patricia.waelchi@example.org','+32501368359','РњРёРЅСЃРє','2016-04-18 15:12:45','2020-06-03 14:54:13'),(47,'reprehenderit','MZKC2943','1998-12-22','m','schneider.elissa@example.net','+77635451927','РњРѕСЃРєРІР°','2016-10-19 15:14:11','2020-06-03 14:53:58'),(48,'assumenda','DBTR9997','2002-08-13','m','kshlerin.jared@example.org','+74750905154','РџРѕРґРѕР»СЊСЃРє','2018-05-22 15:25:46','2020-06-03 12:03:42'),(49,'laboriosam','IISN4727','1997-08-03','m','camryn42@example.com','+77268410250','РљСЂР°СЃРЅРѕРґР°СЂ','2019-10-19 16:14:27','2020-06-03 14:53:58'),(50,'iusto','TGXR7544','1978-05-03','f','senger.skyla@example.com','+980682193956','Р‘РёС€РєРµРє','2012-03-01 07:31:30','2020-06-03 14:54:02'),(51,'excepturi','OLPN8229','2000-08-31','m','ismael.klocko@example.net','+92867096127','Р‘РёС€РєРµРє','2011-12-05 12:41:22','2020-06-03 14:54:02'),(52,'eos','OZDQ8589','1980-01-20','m','fern22@example.org','+73335695774','РќРѕРІРѕСЃРёР±РёСЂСЃРє','2019-10-01 01:00:04','2020-06-03 14:53:58'),(53,'dolorum','MBVB6507','2003-01-15','f','sarina00@example.org','+74773248431','Р–СѓРєРѕРІСЃРєРёР№','2015-05-20 10:33:06','2020-06-03 14:53:58'),(54,'aperiam','YCSF8455','1985-09-11','f','pollich.brigitte@example.com','+72533897295','РџРѕРґРѕР»СЊСЃРє','2020-05-20 12:37:40','2020-06-03 12:03:42'),(55,'vitae','WDEM7375','1981-12-30','m','howell04@example.net','+38759191726','Р•СЂРµРІР°РЅ','2012-05-31 12:06:18','2020-06-03 14:54:13'),(56,'placeat','NLSC4080','2001-05-12','m','donnelly.mafalda@example.com','+73759155139','Р–СѓРєРѕРІСЃРєРёР№','2012-10-27 12:48:04','2020-06-03 14:53:58'),(57,'deleniti','SBGA3593','2000-01-06','f','purdy.lydia@example.org','+971288901841','Р‘РёС€РєРµРє','2018-01-22 13:07:09','2020-06-03 14:54:02'),(58,'maxime','SHFF3499','1996-05-24','f','dolores09@example.net','+946843223897','Р‘РёС€РєРµРє','2019-05-23 08:39:42','2020-06-03 14:54:02'),(59,'explicabo','XXUE4105','1999-05-16','m','schimmel.jarvis@example.com','+93531709056','РџРѕРґРѕР»СЊСЃРє','2018-08-22 07:00:17','2020-06-03 12:03:42'),(60,'voluptates','ZYTV8262','1982-07-29','f','vsipes@example.org','+74376030710','РќРѕРІРѕСЃРёР±РёСЂСЃРє','2015-01-05 06:02:12','2020-06-03 14:53:58'),(61,'sint','HEXB4221','1996-10-07','f','jauer@example.net','+919349417036','Р‘РёС€РєРµРє','2012-12-31 12:02:38','2020-06-03 14:54:02'),(62,'itaque','[VCY3346','1996-01-27','m','powlowski.viola@example.net','+7502688440','РљСЂР°СЃРЅРѕРґР°СЂ','2014-01-27 02:41:16','2020-06-03 14:53:58'),(63,'error','UYIW3160','1978-07-11','f','jaquan31@example.net','+79285350378','РђСЃС‚Р°РЅР°','2013-07-12 08:19:17','2020-06-03 14:53:58'),(64,'neque','DNHT9389','1974-04-24','m','wilhelmine79@example.org','+74818686877','РљСЂР°СЃРЅРѕРґР°СЂ','2010-06-29 06:38:55','2020-06-03 14:53:58'),(65,'porro','NDBX3460','1984-03-23','m','zprosacco@example.org','+76137383560','РЎР°РЅРєС‚-РџРµС‚РµСЂР±СѓСЂРі','2013-12-10 11:18:28','2020-06-03 14:53:58'),(66,'eveniet','FTFU3207','1985-12-01','m','georgette.smitham@example.com','+76130857475','РљСЂР°СЃРЅРѕРґР°СЂ','2015-05-17 17:59:43','2020-06-03 14:53:58'),(67,'commodi','GNVP4126','1997-04-29','f','tatyana.cronin@example.com','+75711510234','РџРѕРґРѕР»СЊСЃРє','2010-11-13 19:58:08','2020-06-03 12:03:42'),(68,'nobis','LELT4156','1985-02-20','m','jarrett81@example.org','+72142137004','РњС‹С‚РёС‰Рё','2016-11-27 01:23:00','2020-06-03 14:53:58'),(69,'non','ZJUX1188','1998-02-08','m','suzanne.zulauf@example.org','+72218112903','РђР»РјР°С‚С‹','2014-05-13 02:34:42','2020-06-03 14:53:58'),(70,'quis','FHUB9070','2004-02-12','m','halvorson.maximo@example.com','+74564153809','РђР»РјР°С‚С‹','2017-01-09 01:07:26','2020-06-03 14:53:58'),(71,'sit','HCSF8280','2002-10-07','m','shyanne41@example.org','+76066430647','Р–СѓРєРѕРІСЃРєРёР№','2019-05-09 10:37:23','2020-06-03 14:53:58'),(72,'corrupti','NUIF9821','1998-10-03','f','elvera85@example.com','+76539692113','РќРѕРІРѕСЃРёР±РёСЂСЃРє','2015-08-26 13:54:21','2020-06-03 14:53:58'),(73,'labore','AWHW3472','1998-07-23','m','bergnaum.yoshiko@example.net','+74399168935','Р–СѓРєРѕРІСЃРєРёР№','2020-03-04 22:36:43','2020-06-03 14:53:58'),(74,'ullam','BOOF2332','2001-08-21','m','lyost@example.net','+34788697311','РџРѕРґРѕР»СЊСЃРє','2014-06-21 09:30:35','2020-06-03 12:03:42'),(75,'impedit','LHCP7184','1978-12-04','m','eulalia67@example.com','+72276768642','РќРѕРІРѕСЃРёР±РёСЂСЃРє','2015-01-02 19:50:08','2020-06-03 14:53:58'),(76,'repudiandae','XBNL5901','1982-06-24','f','lwalker@example.com','+955217416564','Р‘РёС€РєРµРє','2012-08-09 16:38:01','2020-06-03 14:54:02'),(77,'velit','RFBO5569','2004-08-19','f','durgan.molly@example.net','+36191853860','Р•СЂРµРІР°РЅ','2013-07-28 12:14:15','2020-06-03 14:54:13'),(78,'incidunt','KILD3834','2001-08-01','m','ernser.ole@example.net','+92131709859','РџРѕРґРѕР»СЊСЃРє','2012-05-18 15:56:27','2020-06-03 12:03:42'),(79,'veritatis','OCWX31','1981-06-20','m','fay.assunta@example.com','+34581694432','РњРёРЅСЃРє','2016-09-15 01:02:31','2020-06-03 14:54:13'),(80,'perferendis','OUFS7980','1974-03-25','f','mccullough.malvina@example.com','+78086336711','РњС‹С‚РёС‰Рё','2016-11-01 06:08:25','2020-06-03 14:53:58'),(81,'cum','LIEV6921','1982-03-14','m','annabell.maggio@example.com','+73501377939','РђСЃС‚Р°РЅР°','2014-02-12 08:06:40','2020-06-03 14:53:58'),(82,'saepe','XOYZ1117','1982-05-06','m','hermann.adelle@example.net','+73147879871','РђСЃС‚Р°РЅР°','2018-08-08 08:18:41','2020-06-03 14:53:58'),(83,'ea','ZWHU1631','1997-01-06','f','agrimes@example.com','+75135265847','РќРѕРІРѕСЃРёР±РёСЂСЃРє','2015-06-22 02:23:28','2020-06-03 14:53:58'),(84,'unde','VSDJ4585','2004-03-30','m','vincenzo.flatley@example.com','+76132689927','РЎР°РЅРєС‚-РџРµС‚РµСЂР±СѓСЂРі','2017-01-30 09:27:21','2020-06-03 14:53:58'),(85,'quos','WNXB5017','1993-09-06','m','kiehn.elvera@example.com','+91292254964','РџРѕРґРѕР»СЊСЃРє','2011-02-02 18:44:21','2020-06-03 12:03:42'),(86,'adipisci','LATR9867','1988-10-20','f','avis61@example.com','+75157652401','Р–СѓРєРѕРІСЃРєРёР№','2019-07-05 10:59:42','2020-06-03 14:53:58'),(87,'culpa','EUHD7618','1970-08-26','f','white.gudrun@example.org','+77290192534','РљСЂР°СЃРЅРѕРґР°СЂ','2015-12-30 05:19:51','2020-06-03 14:53:58'),(88,'dolore','[PWN778','1997-07-23','m','jskiles@example.com','+7878005775','РЎР°РЅРєС‚-РџРµС‚РµСЂР±СѓСЂРі','2016-11-17 11:37:56','2020-06-03 14:53:58'),(89,'quibusdam','YE[M2795','1991-01-06','m','schaden.kaela@example.com','+917038834784','Р‘РёС€РєРµРє','2014-08-21 10:06:46','2020-06-03 14:54:02'),(90,'illum','MFMT3688','1999-03-14','f','emilio.labadie@example.net','+72419451581','РљСЂР°СЃРЅРѕРґР°СЂ','2018-06-01 00:44:58','2020-06-03 14:53:58'),(91,'odio','YVHX6604','1996-02-10','m','hansen.sophie@example.org','+79363240889','РќРѕРІРѕСЃРёР±РёСЂСЃРє','2018-06-24 04:12:12','2020-06-03 14:53:58'),(92,'ipsum','FAOR6840','1995-08-30','m','maggio.jackie@example.net','+79457850010','РќРѕРІРѕСЃРёР±РёСЂСЃРє','2019-06-25 12:58:11','2020-06-03 14:53:58'),(93,'esse','DFTB9298','1996-09-05','f','emmitt46@example.org','+79099527691','РЎР°РЅРєС‚-РџРµС‚РµСЂР±СѓСЂРі','2018-03-09 18:19:57','2020-06-03 14:53:58'),(94,'quas','DWWV3609','2002-06-27','f','nicolas.breanna@example.com','+34232910886','РњРёРЅСЃРє','2015-09-24 21:56:27','2020-06-03 14:54:13'),(95,'odit','CDH[1732','2004-03-23','f','jerome94@example.net','+77024088734','РЎР°РЅРєС‚-РџРµС‚РµСЂР±СѓСЂРі','2016-05-26 23:14:46','2020-06-03 14:53:58'),(96,'provident','ZF[K8934','2003-05-10','m','abelardo.lockman@example.com','+77721860902','РђР»РјР°С‚С‹','2013-02-10 11:04:42','2020-06-03 14:53:58'),(97,'asperiores','DOKF9109','1997-01-30','m','kerluke.broderick@example.org','+77437038616','Р–СѓРєРѕРІСЃРєРёР№','2013-04-07 21:50:37','2020-06-03 14:53:58'),(98,'repellat','ZAES813','2001-04-23','m','roman.frami@example.org','+73919610684','РђСЃС‚Р°РЅР°','2018-07-13 18:31:37','2020-06-03 14:53:58'),(99,'sapiente','GHRO6171','1994-12-12','f','frami.freeda@example.net','+77186937881','РњС‹С‚РёС‰Рё','2020-04-16 09:32:00','2020-06-03 14:53:58'),(100,'consequatur','SAXN7121','1996-09-10','m','xrutherford@example.org','+37319471444','РњРёРЅСЃРє','2011-09-11 13:05:31','2020-06-03 14:54:13'),(101,'suscipit','LWXY8812','1996-05-26','f','alarkin@example.com','+74075857658','РњРѕСЃРєРІР°','2018-03-04 04:23:43','2020-06-03 14:53:58'),(102,'quidem','UWXY9920','1985-07-13','f','alexandrea.ledner@example.org','+33798624869','Р•СЂРµРІР°РЅ','2017-03-19 16:11:38','2020-06-03 14:54:13'),(103,'cupiditate','UMBS4265','1990-02-02','m','rrath@example.com','+78718474955','РњРѕСЃРєРІР°','2011-12-10 09:24:59','2020-06-03 14:53:58'),(104,'magnam','WGOZ2499','1994-10-25','m','brando.kshlerin@example.org','+71264802109','РљСЂР°СЃРЅРѕРґР°СЂ','2017-05-02 02:08:10','2020-06-03 14:53:58'),(105,'quaerat','A[ZT8576','1975-03-06','f','cwalsh@example.com','+710068585986','Р–СѓРєРѕРІСЃРєРёР№','2014-06-01 19:56:37','2020-06-03 14:53:58'),(106,'consequuntur','VTIJ8442','1980-07-28','m','hayden.kunde@example.com','+76448523913','РљСЂР°СЃРЅРѕРґР°СЂ','2011-10-07 10:30:24','2020-06-03 14:53:58'),(107,'ad','GQMN916','2000-11-11','m','pkassulke@example.com','+71936861913','РњРѕСЃРєРІР°','2011-03-25 15:41:45','2020-06-03 14:53:58'),(108,'repellendus','MNBT5780','2000-07-17','m','linda45@example.com','+7238738136','РђСЃС‚Р°РЅР°','2013-04-25 01:49:06','2020-06-03 14:53:58'),(109,'nulla','QBLA7841','1981-03-16','m','jgusikowski@example.org','+36934710321','Р•СЂРµРІР°РЅ','2013-05-13 17:42:09','2020-06-03 14:54:13'),(110,'nihil','ZGIV905','1988-01-16','f','hamill.julianne@example.net','+75283105250','РђР»РјР°С‚С‹','2018-11-21 13:22:58','2020-06-03 14:53:58'),(111,'exercitationem','ZTUP6090','1981-09-20','m','michale30@example.org','+75599312147','РљСЂР°СЃРЅРѕРґР°СЂ','2020-04-13 23:49:48','2020-06-03 14:53:58'),(112,'doloribus','TUSB1831','1970-04-12','m','hkunde@example.com','+72047245292','РњС‹С‚РёС‰Рё','2011-05-21 06:25:07','2020-06-03 14:53:58'),(113,'minus','KNLP5840','1999-05-01','m','aubree.abbott@example.com','+918541927301','Р‘РёС€РєРµРє','2010-09-05 14:35:01','2020-06-03 14:54:02'),(114,'quod','JBET1425','2001-12-01','f','meta.feil@example.org','+98065599342','РџРѕРґРѕР»СЊСЃРє','2017-03-04 02:03:22','2020-06-03 12:03:42'),(115,'inventore','FLME2747','1999-10-11','f','gbayer@example.com','+33177677304','РњРёРЅСЃРє','2019-03-30 00:49:50','2020-06-03 14:54:13'),(116,'totam','YVFN155','2003-05-08','m','breana06@example.net','+73338290327','РђСЃС‚Р°РЅР°','2016-08-25 14:46:55','2020-06-03 14:53:58'),(117,'tempore','SVBT5768','1998-11-17','f','claudine.kassulke@example.com','+34984255868','РњРёРЅСЃРє','2018-02-11 11:55:03','2020-06-03 14:54:13'),(118,'nesciunt','PXQP9104','1998-03-27','m','gwitting@example.net','+7449716069','РќРѕРІРѕСЃРёР±РёСЂСЃРє','2016-04-13 08:44:40','2020-06-03 14:53:58'),(119,'fugiat','PKDM9094','1979-12-29','f','stehr.jordi@example.com','+72133709671','РђР»РјР°С‚С‹','2010-08-30 00:05:18','2020-06-03 14:53:58'),(120,'quasi','FMSB1941','1983-11-20','m','daisha67@example.net','+94166514170','РџРѕРґРѕР»СЊСЃРє','2019-04-16 15:28:50','2020-06-03 12:03:42'),(121,'recusandae','NDC[6924','1982-05-10','m','johan28@example.com','+940593135229','Р‘РёС€РєРµРє','2015-06-02 01:08:54','2020-06-03 14:54:02'),(122,'deserunt','NBQB2230','1971-01-11','f','americo09@example.org','+35288247733','РњРёРЅСЃРє','2012-10-21 01:33:02','2020-06-03 14:54:13'),(123,'facilis','QWMS1491','1998-09-29','m','oberbrunner.brando@example.org','+79219400455','РљСЂР°СЃРЅРѕРґР°СЂ','2011-10-12 21:59:33','2020-06-03 14:53:58'),(124,'molestiae','UYHR4964','1994-10-11','f','arnulfo54@example.org','+79595873571','РќРѕРІРѕСЃРёР±РёСЂСЃРє','2018-05-26 12:04:04','2020-06-03 14:53:58'),(125,'officia','WXXV3854','1978-10-07','m','cassie88@example.org','+7221166799','РЎР°РЅРєС‚-РџРµС‚РµСЂР±СѓСЂРі','2018-09-19 06:50:59','2020-06-03 14:53:58'),(126,'fuga','FQKD4770','1998-04-22','m','cremin.juwan@example.org','+72218213588','РЎР°РЅРєС‚-РџРµС‚РµСЂР±СѓСЂРі','2012-11-04 22:43:44','2020-06-03 14:53:58'),(127,'ex','Q[FX9056','1977-03-02','f','kihn.isabella@example.com','+7327567851','РљСЂР°СЃРЅРѕРґР°СЂ','2012-01-27 14:44:24','2020-06-03 14:53:58'),(128,'earum','QNSZ7266','2002-11-12','m','werner56@example.org','+74883198800','РђР»РјР°С‚С‹','2015-09-26 19:14:27','2020-06-03 14:53:58'),(129,'ipsa','NGRR3029','1999-06-03','f','toni.d\'amore@example.net','+31388471372','Р•СЂРµРІР°РЅ','2012-07-05 11:44:44','2020-06-03 14:54:13'),(130,'cumque','UFRR2850','1978-02-21','m','bayer.elinore@example.net','+3977613966','РњРёРЅСЃРє','2017-04-21 01:41:10','2020-06-03 14:54:13'),(131,'tenetur','SYNW6355','1975-08-20','m','larson.nicole@example.org','+3622656022','РњРёРЅСЃРє','2017-08-23 11:49:41','2020-06-03 14:54:13'),(132,'alias','LCFS8983','2002-12-06','m','santos.mcclure@example.org','+73333290755','РќРѕРІРѕСЃРёР±РёСЂСЃРє','2019-09-07 16:04:43','2020-06-03 14:53:58'),(133,'in','JMJK7910','1998-08-17','f','nienow.keyon@example.com','+71916857682','Р–СѓРєРѕРІСЃРєРёР№','2017-11-20 03:54:19','2020-06-03 14:53:58'),(134,'possimus','ULWW8051','2000-10-17','f','xkulas@example.org','+946339897317','Р‘РёС€РєРµРє','2012-04-24 17:10:19','2020-06-03 14:54:02'),(135,'consectetur','UOKH1923','2000-09-12','m','tillman.nelle@example.org','+79484416452','РЎР°РЅРєС‚-РџРµС‚РµСЂР±СѓСЂРі','2019-05-23 18:50:23','2020-06-03 14:53:58'),(136,'ab','HXQJ9706','1996-04-23','m','price56@example.com','+9924048854','РџРѕРґРѕР»СЊСЃРє','2015-08-06 22:54:32','2020-06-03 12:03:42'),(137,'iste','[QEW8662','2000-03-07','m','arlo18@example.com','+98920083969','Р‘РёС€РєРµРє','2013-07-04 08:16:16','2020-06-03 14:54:02'),(138,'nisi','DKPS7700','1993-07-12','f','qkuhlman@example.net','+310080438519','Р•СЂРµРІР°РЅ','2017-06-22 15:20:11','2020-06-03 14:54:13'),(139,'sequi','MCAU8580','1977-02-09','f','erdman.marcelle@example.net','+94580730970','Р‘РёС€РєРµРє','2013-04-22 11:26:54','2020-06-03 14:54:02'),(140,'praesentium','HKFU2967','1995-08-07','f','candice46@example.net','+71571509525','РђСЃС‚Р°РЅР°','2016-07-01 05:30:12','2020-06-03 14:53:58'),(141,'veniam','YDVS1198','2004-02-23','f','nmills@example.net','+79304298573','РњРѕСЃРєРІР°','2017-11-28 17:15:27','2020-06-03 14:53:58'),(142,'eaque','[NPI8607','1996-01-16','m','witting.lesly@example.org','+71706964600','РЎР°РЅРєС‚-РџРµС‚РµСЂР±СѓСЂРі','2018-03-22 13:20:49','2020-06-03 14:53:58'),(143,'minima','IITU6175','2000-01-12','m','jkeebler@example.net','+7521927590','Р–СѓРєРѕРІСЃРєРёР№','2010-12-09 04:59:26','2020-06-03 14:53:58'),(144,'ipsam','[RJU7373','1998-08-06','f','reanna.welch@example.org','+995143406016','Р‘РёС€РєРµРє','2012-10-01 06:06:41','2020-06-03 14:54:02'),(145,'perspiciatis','WZHN6788','1995-08-09','f','qkerluke@example.org','+77388744456','Р–СѓРєРѕРІСЃРєРёР№','2016-07-12 23:06:52','2020-06-03 14:53:58'),(146,'nostrum','LM[O8281','1995-06-28','m','volkman.lucile@example.org','+75277939818','РђР»РјР°С‚С‹','2013-12-31 10:58:45','2020-06-03 14:53:58'),(147,'officiis','XBNM8263','1993-10-07','f','bessie.medhurst@example.net','+74123466030','РЎР°РЅРєС‚-РџРµС‚РµСЂР±СѓСЂРі','2011-08-03 00:12:54','2020-06-03 14:53:58'),(148,'molestias','BBBD5376','1976-06-27','m','nicole96@example.com','+38434224837','Р•СЂРµРІР°РЅ','2016-12-08 12:37:50','2020-06-03 14:54:13'),(149,'aspernatur','WKJP9109','1985-10-27','f','kheathcote@example.org','+74683511002','РњС‹С‚РёС‰Рё','2013-10-29 14:36:04','2020-06-03 14:53:58'),(150,'quisquam','FQLI2215','1973-01-18','m','lshanahan@example.com','+960974840246','Р‘РёС€РєРµРє','2014-09-23 22:43:46','2020-06-03 14:54:02');
/*!40000 ALTER TABLE `users` ENABLE KEYS */;
UNLOCK TABLES;

--
-- Final view structure for view `catalogs_quantity`
--

/*!50001 DROP VIEW IF EXISTS `catalogs_quantity`*/;
/*!50001 SET @saved_cs_client          = @@character_set_client */;
/*!50001 SET @saved_cs_results         = @@character_set_results */;
/*!50001 SET @saved_col_connection     = @@collation_connection */;
/*!50001 SET character_set_client      = utf8mb4 */;
/*!50001 SET character_set_results     = utf8mb4 */;
/*!50001 SET collation_connection      = utf8mb4_0900_ai_ci */;
/*!50001 CREATE ALGORITHM=UNDEFINED */
/*!50013 DEFINER=`root`@`localhost` SQL SECURITY DEFINER */
/*!50001 VIEW `catalogs_quantity` AS select `products`.`catalog_id` AS `catalog_id`,count(0) AS `quantity` from `products` group by `products`.`catalog_id` */;
/*!50001 SET character_set_client      = @saved_cs_client */;
/*!50001 SET character_set_results     = @saved_cs_results */;
/*!50001 SET collation_connection      = @saved_col_connection */;

--
-- Final view structure for view `history_orders`
--

/*!50001 DROP VIEW IF EXISTS `history_orders`*/;
/*!50001 SET @saved_cs_client          = @@character_set_client */;
/*!50001 SET @saved_cs_results         = @@character_set_results */;
/*!50001 SET @saved_col_connection     = @@collation_connection */;
/*!50001 SET character_set_client      = utf8mb4 */;
/*!50001 SET character_set_results     = utf8mb4 */;
/*!50001 SET collation_connection      = utf8mb4_0900_ai_ci */;
/*!50001 CREATE ALGORITHM=UNDEFINED */
/*!50013 DEFINER=`root`@`localhost` SQL SECURITY DEFINER */
/*!50001 VIEW `history_orders` AS select `users`.`login` AS `user_name`,`orders_products`.`order_id` AS `number_order`,`products`.`name` AS `product_name` from (((`users` left join `orders` on((`users`.`id` = `orders`.`user_id`))) left join `orders_products` on((`orders`.`id` = `orders_products`.`order_id`))) left join `products` on((`products`.`id` = `orders_products`.`product_id`))) */;
/*!50001 SET character_set_client      = @saved_cs_client */;
/*!50001 SET character_set_results     = @saved_cs_results */;
/*!50001 SET collation_connection      = @saved_col_connection */;

--
-- Final view structure for view `products_catalogs`
--

/*!50001 DROP VIEW IF EXISTS `products_catalogs`*/;
/*!50001 SET @saved_cs_client          = @@character_set_client */;
/*!50001 SET @saved_cs_results         = @@character_set_results */;
/*!50001 SET @saved_col_connection     = @@collation_connection */;
/*!50001 SET character_set_client      = utf8mb4 */;
/*!50001 SET character_set_results     = utf8mb4 */;
/*!50001 SET collation_connection      = utf8mb4_0900_ai_ci */;
/*!50001 CREATE ALGORITHM=UNDEFINED */
/*!50013 DEFINER=`root`@`localhost` SQL SECURITY DEFINER */
/*!50001 VIEW `products_catalogs` AS select `p`.`name` AS `product`,`c`.`name_catalog` AS `name_catalog` from (`products` `p` join `catalogs` `c` on((`p`.`catalog_id` = `c`.`id`))) */;
/*!50001 SET character_set_client      = @saved_cs_client */;
/*!50001 SET character_set_results     = @saved_cs_results */;
/*!50001 SET collation_connection      = @saved_col_connection */;
/*!40103 SET TIME_ZONE=@OLD_TIME_ZONE */;

/*!40101 SET SQL_MODE=@OLD_SQL_MODE */;
/*!40014 SET FOREIGN_KEY_CHECKS=@OLD_FOREIGN_KEY_CHECKS */;
/*!40014 SET UNIQUE_CHECKS=@OLD_UNIQUE_CHECKS */;
/*!40101 SET CHARACTER_SET_CLIENT=@OLD_CHARACTER_SET_CLIENT */;
/*!40101 SET CHARACTER_SET_RESULTS=@OLD_CHARACTER_SET_RESULTS */;
/*!40101 SET COLLATION_CONNECTION=@OLD_COLLATION_CONNECTION */;
/*!40111 SET SQL_NOTES=@OLD_SQL_NOTES */;

-- Dump completed on 2020-06-06 19:51:02
